"new_key","fish_count_new","FMU_Code","z_lake_area","z_max_depth","z_secchi","z_doy","z_temp_mean_contemp","z_ws_forest","z_ws_wetland","z_temp_mean_hist","temp_mean_contemp","temp_mean_hist","group","effort","gear","gear_index","IND","doy_median","site","z_temp_change","dens_change"
"1-16",20,"MI-MNH",-0.646191155277779,1.26695548130227,1.09159015138641,-0.401316560411671,-0.304381670880643,1.06568438986798,-0.15635649218274,-0.403033848224723,15.77549,15.58937,4,1,"seine",3,1,-0.1325897,1,0.0986521773440798,0.232907099446939
"1-165",0,"MI-MNH",2.63901921957274,1.09186294585954,0.443821135686694,-1.29707286099905,-1.89027027437096,0.192557517749705,0.292982181371315,-1.91445485801702,14.35222,14.15268,4,1,"seine",3,1,-0.1325897,2,0.0241845836460552,0.0104189025126137
"1-63",5,"MI-MNH",-2.12115742034465,-0.0639468920100061,1.4397598487873,-0.938770340764096,0.546389204756389,1.46453081977659,-0.836268091681729,0.320766388963629,16.59633,16.32815,4,1,"seine",3,1,-0.1325897,3,0.22562281579276,0.950267528887696
"10-111",47,"MI-MCM",0.600764881480303,1.02835331028761,0.23491511469338,0.404864110116968,-0.481238655663086,0.628549804002318,-0.689267559150169,-0.590597585859268,15.61002,15.40344,1,1,"seine",3,1,-0.1325897,4,0.109358930196182,0.394348410111252
"10-19",56,"MI-MCM",0.696667137024945,-0.315556499054638,-0.253021075295597,-0.535680005499777,0.461383496433453,-0.515977464809171,0.725961043335624,-0.00233669029840656,16.51243,15.99413,1,1,"seine",3,1,-0.1325897,5,0.463720186731859,2.39425155891235
"10-77",22,"MI-MCM",-1.41681673320989,-0.103277714487982,-0.0912002577380448,0.225712849999493,0.845476482795596,0.440296307003908,-1.59974992674001,0.632400010633949,16.89493,16.65692,1,1,"seine",3,1,-0.1325897,6,0.213076472161646,1.82626550358024
"10-95",70,"MI-MCM",-1.21819575195628,0.0450579557938886,0.0860543927581889,0.404864110116968,1.04146802581824,0.704647751257607,-0.547951999841605,0.83541384833389,17.09351,16.87465,1,1,"seine",3,1,-0.1325897,7,0.20605417748435,2.31649163707534
"12-21",381,"MI-MSM",-0.444940734601123,-0.463270851785498,0.282000318129149,-0.0430140401767201,1.5698441575858,-2.0420748621509,-0.206884451417111,1.92314908742784,17.64057,18.09064,7,1,"seine",3,1,-0.1325897,8,-0.353304929842033,-8.46604348807257
"12-23",32,"MI-MSM",0.2023258986758,0.534786595970762,0.195483965632788,-0.0430140401767201,0.613229350484087,-1.66564930723981,-0.551970408556308,1.05522035240255,16.6626,17.1136,7,1,"seine",3,1,-0.1325897,9,-0.44199100191846,-5.0831650553494
"12-86",18,"MI-MSM",-0.414801368382253,0.326859289351915,-1.5993408608443,-1.25228504596968,0.708274154263518,-1.64118811037185,1.6533052455766,1.10601678093002,16.75729,17.1693,7,1,"seine",3,1,-0.1325897,10,-0.397742626666501,-3.84004821250032
"12-90",23,"MI-MSM",1.41856236885366,1.23936735568566,0.662870043815085,-0.80440689567599,0.493785098988763,-1.70048459971283,0.0393277554777798,0.882347973564181,16.54436,16.92539,7,1,"seine",3,1,-0.1325897,11,-0.388562874575418,-5.19074227810651
"14-154",3,"MI-MSM",-1.01448350486801,-1.12582423371506,-0.845270559291169,-0.983558155793465,2.24700530851705,-0.346582909841112,-0.291731946458426,2.1697476476967,18.36735,18.37828,7,1,"seine",3,1,-0.1325897,12,0.0772576608203441,1.36588849224257
"15-56",25,"MI-MCM",-0.382713812837938,-1.12582423371506,-0.0912002577380448,0.584015370234443,0.930103399720726,-0.350988217867548,-0.233684357221125,0.634417637677368,16.98039,16.65907,1,1,"seine",3,1,-0.1325897,13,0.295685762043358,2.10631144819194
"16-192",6,"MI-MNH",3.09693528027069,1.57001729890319,0.443821135686694,-0.0430140401767201,-1.79570261170514,0.157486133826714,0.139724656466014,-1.86444347380217,14.43337,14.19803,4,1,"seine",3,1,-0.1325897,14,0.0687408620970336,0.0329989866604019
"16-193",2,"MI-MNH",3.12586794102801,0.9077947967261,0.364670203493031,-0.222165300294195,-1.19662042652008,0.533514421321217,-0.556088407100232,-1.3218075753465,14.95822,14.69953,4,1,"seine",3,1,-0.1325897,15,0.125187148826422,0.0669167795883833
"16-194",28,"MI-MNH",-0.046849888345048,0.925968969970297,0.519740501132261,0.180925034970124,0.115803780468769,0.87300878437387,-0.0309050508353761,-0.242298505607987,16.17569,15.75049,4,1,"seine",3,1,-0.1325897,16,0.358102286076756,0.717939737736428
"16-252",51,"MI-MNH",2.02961116182363,1.10764524719547,0.592681857621888,-0.177377485264827,-2.03301712047443,-0.299352460540609,1.75454591740047,-1.94572286082619,14.23059,14.1244,4,1,"seine",3,1,-0.1325897,17,-0.0872942596482313,-0.0554962492746878
"16-82",0,"MI-MNH",-0.823660842069612,1.15289374371071,1.73291283066456,-0.580467820529146,-0.0882073723155317,-0.138737878858976,-1.26408220534825,-0.391766897715268,15.98013,15.60061,4,1,"seine",3,1,-0.1325897,18,0.303559525399736,0.95392857054827
"17-209",0,"MI-MNH",0.73338792405856,0.0101255290116841,0.364670203493031,-0.625255635558515,-0.347486008423207,-0.484787189422776,1.89173001672533,-0.78551465026931,15.735,15.21257,4,1,"seine",3,1,-0.1325897,19,0.438028641846103,0.634774204881927
"17-265",0,"MI-MES",-1.86348900167145,-1.78875617783639,-0.876527869781353,3.76395023731963,0.547612005227932,1.94208625298553,-0.944995306096968,0.111241815976591,16.59754,16.11076,3,1,"seine",3,1,-0.1325897,20,0.436370189251341,0.184932511128743
"18-12",1,"MI-MSH",-0.923409007434181,-1.64985529844236,0.332041889479204,-0.849194710705359,1.2563952460752,-2.23280055555299,-0.264568491552137,1.27821174363175,17.31396,17.35947,6,1,"seine",3,1,-0.1325897,21,-0.0218164975565531,-0.253626939374539
"18-125",30,"MI-MCM",-0.361667323261901,-0.463270851785498,-0.558586335920342,-1.61058756620463,0.653344534404008,1.21235694250103,-1.38985242181844,0.629546735347482,16.7025,16.65388,1,1,"seine",3,1,-0.1325897,22,0.0237977990565257,0.11565352253567
"18-196",58,"MI-MSH",-0.195019548166157,-0.751595771293803,0.858815969186042,-0.670043450587884,-0.577691348062644,0.486285041686711,-0.686238440940061,-0.52958147012497,15.52051,15.46368,6,1,"seine",3,1,-0.1325897,23,-0.0481098779376744,-0.120513020865753
"18-197",31,"MI-MSH",-0.402991689265556,1.10764524719547,0.73050535905753,0.270500665028862,-0.50680905549753,0.627680603108455,-0.802017102043983,-0.467312316693387,15.58624,15.5254,6,1,"seine",3,1,-0.1325897,24,-0.0394967388041428,-0.154005130198311
"18-206",151,"MI-MSH",-0.146361680784599,0.0101255290116841,0.73050535905753,-1.34186067602842,0.135368965854678,-0.598463103656744,-1.67217253168913,0.137321305856133,16.19457,16.13766,6,1,"seine",3,1,-0.1325897,25,-0.00195234000145503,-0.00926699900728778
"18-215",64,"MI-MSH",-0.822129784763919,0.693184140988442,1.57109201310701,-0.490892190470408,-0.191172231820679,-0.304140346557358,-1.16696571413461,-0.167099194129444,15.88233,15.82644,6,1,"seine",3,1,-0.1325897,26,-0.0240730376912346,-0.158552006887193
"18-57",28,"MI-MSH",0.0483635458964795,-2.83728980388027,-1.5993408608443,-1.0731337858522,0.899692417291978,-0.374305760343698,1.89990678405188,0.877119492615572,16.94963,16.91973,6,1,"seine",3,1,-0.1325897,27,0.0225729246764068,0.0682882069485178
"18-6",20,"MI-MSH",-0.422174188320041,0.794981812660573,0.883448994148728,-1.0731337858522,0.923760795676613,-0.690345898945579,-0.303540853672303,0.942331747546799,16.97397,16.99046,6,1,"seine",3,1,-0.1325897,28,-0.0185709518701863,-0.242033239609615
"18-66",80,"MI-MSH",0.469228608428163,-0.463270851785498,0.282000318129149,-0.222165300294195,0.676054012300531,-0.123968490348871,-0.332502041983895,0.672525301270322,16.72513,16.69973,6,1,"seine",3,1,-0.1325897,29,0.00352871103020902,0.0187184843393514
"18-69",76,"MI-MSH",0.205763049629531,0.925968969970297,0.978842529111434,-1.0731337858522,0.263356422773824,-0.203104637763635,-0.40303922554785,0.291874444960256,16.31862,16.298,6,1,"seine",3,1,-0.1325897,30,-0.0285180221864318,-0.200637067039015
"18-71",110,"MI-MSH",-1.07315574111382,-1.04077074958316,0.73050535905753,-1.0731337858522,1.05679750386576,-0.223982439083682,-0.00284126361983089,1.03158987290986,17.10914,17.08775,6,1,"seine",3,1,-0.1325897,31,0.0252076309559062,0.243076394655227
"2-104",0,"MI-MNM",-0.906052314376057,-1.64985529844236,-2.47343772232282,0.494439740175706,0.59302486323148,0.399436163876648,0.264954547256114,0.594730526736145,16.64254,16.61683,5,1,"seine",3,1,-0.1325897,32,-0.0017056635046655,-0.00146931484575355
"2-566",0,"MI-MES",-1.89103774004251,-0.463270851785498,-1.5993408608443,0.0913494049113864,-0.604984243063058,0.984934469725047,0.633534341299812,-0.652358801090325,15.49527495,15.34270336,3,1,"seine",3,1,-0.1325897,33,0.0473745580272668,0.0169367763621829
"2-567",0,"MI-MES",-2.13180716727823,-0.22614763199638,-2.47343772232282,-0.0878018552060889,-0.132268152623166,1.28136110283239,0.110238983579242,-0.210754816253753,15.93820587,15.7823041,3,1,"seine",3,1,-0.1325897,34,0.0784866636305864,0.0319571796514206
"2-95",2,"MI-MNM",-0.352469425261048,-1.04077074958316,-0.845270559291169,-0.580467820529146,-0.213585992123185,0.176147420666272,1.4110700114824,-0.164926320751367,15.86112,15.82864,5,1,"seine",3,1,-0.1325897,35,-0.0486596713718184,-0.0465960675806057
"20-76",204,"MI-MNH",-0.509047362601636,1.29396851762038,1.4123426515665,-0.0878018552060889,-0.622739983444912,0.903696381701002,-1.16097232538333,-0.680498450433642,15.47888,15.31511,4,1,"seine",3,1,-0.1325897,36,0.05775846698873,0.105908595226889
"20-96",40,"MI-MNH",-1.19262675572627,0.113309194411649,1.29844382764808,-0.983558155793465,0.124117627557751,0.189937402989488,0.546104125702061,0.0561867977184899,16.18371,16.05412,4,1,"seine",3,1,-0.1325897,37,0.0679308298392606,0.242084801611271
"21-266",4,"MI-MNM",-0.372423240606914,0.0101255290116841,0.592681857621888,0.136137219940755,-0.375661045379518,0.450082861786918,-0.261741947672326,-0.465016774295038,15.70859,15.52768,5,1,"seine",3,1,-0.1325897,38,0.0893557289155197,0.11033506266215
"22-236",4,"MI-MNM",-0.816538773467496,0.775513526167866,0.364670203493031,-0.0878018552060889,-0.786900346121431,0.701203599708723,0.610668701557491,-0.77857991307267,15.32812,15.21932,5,1,"seine",3,1,-0.1325897,39,-0.00832043304876084,-0.0115614427307011
"22-65",0,"MI-MNM",-0.453923958259182,-0.026988648705759,0.858815969186042,-0.222165300294195,-0.333102033928069,1.1758937857557,0.00159047072210871,-0.305370003970782,15.7485,15.68707,5,1,"seine",3,1,-0.1325897,40,-0.0277320299572864,-0.0390464999800116
"24-204",8,"MI-MCM",0.741016020269845,-2.1151140414149,-0.845270559291169,-0.401316560411671,0.469334939328707,-0.152273616441618,0.96607880383606,0.338391544172101,16.52026,16.34657,1,1,"seine",3,1,-0.1325897,41,0.130943395156606,0.431115880476731
"24-27",71,"MI-MNH",1.97199816649387,0.434988675363057,-0.154249217522721,-0.132589670235458,0.397064886321767,-0.295651398216273,0.432401531618288,0.032799786752834,16.44923,16.03012,4,1,"seine",3,1,-0.1325897,42,0.364265099568933,0.593530288061521
"24-71",16,"MI-MNH",0.719843037986726,-1.78875617783639,0.104745667632915,0.00177377485264875,0.401764829664894,-0.560810673762127,0.0521889018851062,0.291039953900738,16.45384,16.29713,4,1,"seine",3,1,-0.1325897,43,0.110724875764156,0.148723568281047
"25-35",46,"MI-MSH",1.00178679928616,1.22558090050082,1.39383736261078,-0.625255635558515,0.332048295878726,-1.38322032439533,-0.00885336449888872,0.467987478330497,16.38559,16.48265,6,1,"seine",3,1,-0.1325897,44,-0.135939182451771,-1.44286832323144
"26-20",20,"MI-MSH",-0.0958817885880046,-0.315556499054638,0.858815969186042,0.539227555205075,0.760879390770961,-0.292923476016069,0.0896185933332599,0.653989175856977,16.80993,16.67994,6,1,"seine",3,1,-0.1325897,45,0.106890214913984,0.829932982901289
"26-3",26,"MI-MSH",1.12215295901371,0.239891002197771,-0.0103281165408195,-0.80440689567599,0.61633944483868,-0.680948094683974,0.0987655179028018,0.697096956573805,16.66569,16.726,6,1,"seine",3,1,-0.1325897,46,-0.0807575117351254,-0.473102980380274
"26-32",7,"MI-MSH",-1.49309237334254,-0.888133998136871,0.592681857621888,-0.490892190470408,0.921942535390954,1.12997848226058,-1.21620308043295,0.804581240851595,16.97213,16.8414,6,1,"seine",3,1,-0.1325897,47,0.117361294539359,0.82335092754347
"26-33",93,"MI-MSH",-1.59426624965711,-0.315556499054638,1.03607061968227,-0.625255635558515,0.934083591281331,0.829531298282618,-0.819888685945753,0.815938423586366,16.98442,16.85364,6,1,"seine",3,1,-0.1325897,48,0.118145167694965,1.19608366403249
"26-35",1,"MI-MSH",-2.15887242052074,-0.463270851785498,0.282000318129149,-0.401316560411671,0.624046772152762,0.0635691618498682,1.24070442171813,0.538201899822772,16.67335,16.55685,6,1,"seine",3,1,-0.1325897,49,0.0858448723299905,0.948258480669023
"26-4",18,"MI-MSH",0.227311009151847,-0.411594099569675,0.282000318129149,-0.490892190470408,0.994696750566248,-0.896656231277838,0.0492470130595423,0.868949955112156,17.04591,16.91089,6,1,"seine",3,1,-0.1325897,50,0.125746795454092,0.970433339950181
"26-53",7,"MI-MSH",-0.924616350573967,0.178145009984081,0.833852289729532,-0.0430140401767201,0.222069736404796,-1.16566478869259,0.605457826382438,0.146995519948422,16.2785,16.14765,6,1,"seine",3,1,-0.1325897,51,0.0750742164563743,0.634053636356975
"27-1026",0,"MI-MWS",0.546152911161007,-2.55237070647751,-1.8476780308982,0.0465615898820176,-0.876010126380682,0.362087433902162,1.43202072256094,-0.815528707723925,15.2469,15.18339,8,1,"seine",3,1,-0.1325897,52,-0.0604814186567563,-0.0134392802207235
"27-520",5,"MI-MWS",-0.0575350185278566,-0.888133998136871,0.104745667632915,-0.938770340764096,-0.671365352715683,0.372322965618812,0.545069374227777,-0.488864560354956,15.43407,15.50401,8,1,"seine",3,1,-0.1325897,53,-0.182500792360727,-0.123992121219645
"27-696",2,"MI-MWS",0.572588524288809,-1.41358213743429,-1.20303730221968,0.0913494049113864,-0.58767969024798,0.138027894082576,1.47617234801346,-0.430704390448549,15.51127,15.5618,8,1,"seine",3,1,-0.1325897,54,-0.156975299799431,-0.0682092653813325
"27-761",3,"MI-MWS",0.274307759672806,-1.21381602620319,-2.01433569434364,-0.311740930352933,-0.590804971210962,0.946237014674607,-0.18806865162337,-0.460889673160966,15.50838,15.53178,8,1,"seine",3,1,-0.1325897,55,-0.129915298049996,-0.0360039891936236
"27-97",28,"MI-MWS",-1.16179494606875,0.794981812660573,1.09159015138641,0.360076295087599,-1.3150308368632,1.1432004562085,-0.0496737327089751,-1.08915000910511,14.85299,14.91994,8,1,"seine",3,1,-0.1325897,56,-0.225880827758085,-0.241669857640031
"28-84",77,"MI-MCM",0.40177515163675,0.298828321263663,0.282000318129149,0.180925034970124,0.569516353208008,0.667104647378992,-1.09315953461001,0.401638065632031,16.61923,16.41284,1,1,"seine",3,1,-0.1325897,57,0.167878287575977,1.07459644777479
"3-153",3,"MI-MSM",0.0810047418947297,0.434988675363057,0.443821135686694,-0.580467820529146,0.341391285109267,-1.25400168431491,-0.0597746888792021,0.611908696342745,16.39472,16.6351,7,1,"seine",3,1,-0.1325897,58,-0.270517411233478,-2.47384253527874
"3-178",88,"MI-MSM",0.402281697172054,-0.026988648705759,-0.197501543591449,-1.34186067602842,1.538905393107,-1.6224706078303,-0.387434028704019,1.40839524755739,17.60806,17.50464,7,1,"seine",3,1,-0.1325897,59,0.130510145549605,1.96188922790187
"3-63",30,"MI-MSM",-0.308808876107296,0.113309194411649,-1.8476780308982,-1.20749723094031,1.15710766886797,-0.675392923681607,-0.213217466788623,1.15899903688977,17.21177,17.22759,7,1,"seine",3,1,-0.1325897,60,-0.00189136802179646,-0.0132667222789481
"3-71",18,"MI-MSM",-0.159614209496944,-0.22614763199638,-0.983570985000636,-0.714831265617252,1.74977327241223,0.2159268218075,-0.34256892804994,1.73082879795016,17.83083,17.86944,7,1,"seine",3,1,-0.1325897,61,0.0189444744620761,0.221826155656325
"30-245",6,"MI-MER",-0.445809882322958,0.755084243943464,0.482168189003625,-0.938770340764096,0.523108680992735,-1.62005511032863,-0.905573812175539,0.826777577457928,16.57331,16.86533,2,1,"seine",3,1,-0.1325897,62,-0.303668896465192,-2.2512553765222
"30-259",0,"MI-MER",-0.513974604544771,0.461084621479215,0.443821135686694,-0.893982525734728,0.503727434851016,-1.02965252602251,0.234484187692384,0.806613891980778,16.55417,16.84359,2,1,"seine",3,1,-0.1325897,63,-0.302886457129762,-2.10230829259469
"31-1164",0,"MI-MWS",0.790834913132446,-2.31184166458285,-1.5993408608443,0.180925034970124,0.0759289643457774,0.303230694482634,1.38611483363006,-0.0698264279829962,16.13727974,15.92522733,8,1,"seine",3,1,-0.1325897,64,0.145755392328774,0.0606923076396587
"31-263",0,"MI-MWS",-1.4597439977629,0.534786595970762,0.73050535905753,0.180925034970124,-0.864651800350426,1.84495265291209,-1.1504355810481,-0.712224280995932,15.25722868,15.28405959,8,1,"seine",3,1,-0.1325897,65,-0.152427519354494,-0.152115629869137
"31-825",0,"MI-MWS",1.01769916140998,-0.184340310760313,-0.0912002577380448,-0.893982525734728,-0.873173178297948,1.22933673695634,-1.02604774816865,-0.896191978373234,15.24947912,15.10524532,8,1,"seine",3,1,-0.1325897,66,0.0230188000752855,0.00871299447074344
"31-909",0,"MI-MWS",0.351985655140678,0.146663755854752,0.635111824094824,-1.29707286099905,-0.944562527061853,1.65853318913977,-0.774467775957012,-0.909571632290957,15.18471024,15.09232237,8,1,"seine",3,1,-0.1325897,67,-0.0349908947708961,-0.01941750471229
"34-69",41,"MI-MSM",-0.801322485337865,-0.689379924883991,-0.558586335920342,0.360076295087599,1.46018340469314,-1.50089584081537,0.848403664500889,1.47114822456086,17.52561,17.57505,7,1,"seine",3,1,-0.1325897,68,-0.0109648198677212,-0.159726330914169
"34-73",11,"MI-MSM",0.359051153718514,0.605267403703839,-0.558586335920342,0.0465615898820176,1.18705589691178,-0.518265439472612,0.82668717572237,1.21476829537443,17.24253,17.28916,7,1,"seine",3,1,-0.1325897,69,-0.0277123984626504,-0.328405560050394
"35-104",9,"MI-MSH",-0.126719108718491,-1.21381602620319,0.0671733555042765,0.852742260410656,0.710035660546775,-0.472740633682923,1.58717926926137,0.499774440272505,16.75905,16.5162,6,1,"seine",3,1,-0.1325897,70,0.21026122027427,1.2067878812906
"35-105",3,"MI-MSH",-0.0623618705914945,-1.04077074958316,-0.264326679689918,0.0913494049113864,0.771003741340663,-0.67716326371782,0.433821693607899,0.557432129480966,16.82008,16.57723,6,1,"seine",3,1,-0.1325897,71,0.213571611859696,1.02962294545873
"35-109",49,"MI-MSH",-0.000407835352814459,-1.12582423371506,-0.175749644217522,-0.983558155793465,0.763633021164476,-0.663865329830541,1.68534047963145,0.553725687304517,16.81269,16.5733,6,1,"seine",3,1,-0.1325897,72,0.209907333859959,1.1927754315517
"35-176",20,"MI-MNH",-0.664137880086533,-0.888133998136871,0.396735932250931,-0.714831265617252,0.711686904687224,0.894079183843296,-1.10823419970886,0.5379186480528,16.7607,16.55655,4,1,"seine",3,1,-0.1325897,73,0.173768256634423,0.357404898197474
"35-4",47,"MI-MSH",-0.000407835352814459,-1.31148885036138,-0.381331685424102,-0.983558155793465,0.763633021164476,-0.663865329830541,1.68534047963145,0.553725687304517,16.81269,16.5733,6,1,"seine",3,1,-0.1325897,74,0.209907333859959,1.07291253457149
"35-5",79,"MI-MSH",-1.17641560692175,-0.963456698623848,-0.558586335920342,-0.401316560411671,0.960232567412702,-0.140649618608557,-0.403121274238364,0.736646551073777,17.01092,16.76837,6,1,"seine",3,1,-0.1325897,75,0.223586016338925,1.23747671413275
"35-9",9,"MI-MSH",0.0939394925102724,-0.463270851785498,-0.532206231265437,-0.759619080646621,0.736326163357103,-0.537542673884361,-1.3991254366836,0.526282006602096,16.78534,16.54423,6,1,"seine",3,1,-0.1325897,76,0.210044156755007,0.873797097093621
"35-95",63,"MI-MSH",0.466098259481553,1.65334377109202,0.73050535905753,0.00177377485264875,-0.816865272019042,0.60090522762405,0.0659197247075123,-0.928239694231408,15.30076,15.07431,6,1,"seine",3,1,-0.1325897,77,0.111374422212366,0.370826840018239
"35-96",7,"MI-MSH",0.578760163773573,0.713919216388242,0.955448935181357,-0.132589670235458,-0.0248168960740764,-0.484247773042588,1.33518893365569,-0.170230638360129,16.04064,15.82327,6,1,"seine",3,1,-0.1325897,78,0.145413742286053,0.905893932293223
"36-132",42,"MI-MNM",0.479441774389658,0.605267403703839,1.09159015138641,-0.132589670235458,-1.74210095585444,0.942885801308938,0.167821973594099,-1.44741646350181,14.47957,14.58189,5,1,"seine",3,1,-0.1325897,79,-0.294684492352629,-0.196650046240978
"36-137",1,"MI-MNM",1.14990605892524,1.50352693085239,2.4869831322177,0.71837881532255,-2.80936713228081,0.890174988756379,-0.0137828926183193,-2.40368227480894,13.58691,13.71662,5,1,"seine",3,1,-0.1325897,80,-0.405684857471867,-0.254240415204793
"36-1529",0,"MI-MWS",1.11997652072213,-1.21381602620319,-1.18434602734495,0.270500665028862,-0.958253949656907,0.628512010217778,1.00570072455847,-0.739761149469589,15.17232,15.25716,8,1,"seine",3,1,-0.1325897,81,-0.218492800187318,-0.0641224842873533
"36-1536",0,"MI-MWS",-0.858126174278113,0.0450579557938886,0.592681857621888,-0.0878018552060889,-0.890206913361605,0.734203737866889,0.691390104170522,-0.679191988204562,15.234,15.31639,8,1,"seine",3,1,-0.1325897,82,-0.211014925157043,-0.222635914842094
"36-17",6,"MI-MNM",-0.48046284577152,0.55896626313636,1.4397598487873,-0.356528745382302,-1.07719187417801,0.733857331821969,0.462112003768606,-0.905835354376773,15.06511,15.09593,5,1,"seine",3,1,-0.1325897,83,-0.171356519801239,-0.246823066781622
"36-174",0,"MI-MNM",-0.559227279677868,0.581944073714831,1.39383736261078,0.404864110116968,-1.49544436923873,1.33838702188177,-0.732167517660994,-1.20056580637202,14.69408,14.81398,5,1,"seine",3,1,-0.1325897,84,-0.294878562866704,-0.268471116832252
"36-190",1,"MI-MNM",0.685901866228065,0.510949359235584,1.57109201310701,-0.625255635558515,-1.58329148610046,0.885478971516368,-0.219120104257843,-1.30499266357301,14.61732,14.71535,5,1,"seine",3,1,-0.1325897,85,-0.278298822527445,-0.21181960110917
"36-1936",1,"MI-MWS",-0.400039291524567,0.0801920285583472,0.73050535905753,0.449651925146337,-0.651273072334697,0.563668808184683,0.844358602843618,-0.474966560138606,15.45257,15.5178,8,1,"seine",3,1,-0.1325897,86,-0.176306512196091,-0.209085469687881
"36-2067",0,"MI-MNM",0.0727354726509144,-0.888133998136871,-1.00709137684872,0.136137219940755,-0.746517145126957,0.369680804064818,1.29725783880369,-0.582054773740232,15.36507,15.41186,5,1,"seine",3,1,-0.1325897,87,-0.164462371386725,-0.0996835067017731
"36-34",3,"MI-MNM",0.142589210728738,0.38205142686236,2.0195970540354,0.0465615898820176,-1.47605098783225,0.697111653768842,-0.667906581595676,-1.28177701511211,14.71108,14.73722,5,1,"seine",3,1,-0.1325897,88,-0.194273972720144,-0.185783245794982
"36-355",114,"MI-MNM",0.64322029539705,0.534786595970762,0.858815969186042,0.136137219940755,-1.64611665302205,0.865679106660466,-0.921647843657551,-1.29374676152165,14.56267,14.72594,5,1,"seine",3,1,-0.1325897,89,-0.352369891500401,-0.191766748646777
"36-384",0,"MI-MNM",0.424346273838543,0.298828321263663,-0.0912002577380448,0.584015370234443,-1.06114526380647,0.35317871377342,0.358559915673798,-0.762564725731026,15.07953,15.23492,5,1,"seine",3,1,-0.1325897,90,-0.298580538075449,-0.214922485252444
"36-849",1,"MI-MNM",-0.717859842313756,0.269211586977685,0.104745667632915,0.00177377485264875,-1.16883544492061,0.878206756812699,-1.08461412071197,-0.994750353358893,14.98302,15.01031,5,1,"seine",3,1,-0.1325897,91,-0.17408509156172,-0.120490642562399
"37-109",8,"MI-MSH",0.200564592976226,0.794981812660573,0.443821135686694,-0.222165300294195,-0.140737332204162,-0.703818005499729,0.133306697383384,-0.0166521220501218,15.93016,15.97949,6,1,"seine",3,1,-0.1325897,92,-0.124085210154041,-0.619095891851811
"37-120",5,"MI-MSH",-0.324861540892662,0.269211586977685,-0.070650145931363,-0.670043450587884,-0.226862378041572,-1.97812989874649,0.606761132298278,-0.0818924645129152,15.84857,15.91294,6,1,"seine",3,1,-0.1325897,93,-0.144969913528656,-0.729049603273239
"37-139",41,"MI-MSH",-0.211058299457009,0.871270878442796,1.09159015138641,0.180925034970124,-0.205593493228584,0.315804299184846,-0.00687054479790809,-0.116411707436952,15.86868,15.87784,6,1,"seine",3,1,-0.1325897,94,-0.0891817857916321,-0.502500360057772
"38-568",23,"MI-MSM",-0.249417244501164,0.146663755854752,-0.430275725791825,-1.02834597082283,1.62596099740087,-1.34572483240053,-0.45640564242353,1.83286544065155,17.69969,17.98646,7,1,"seine",3,1,-0.1325897,95,-0.206904443250681,-3.80802458022729
"39-249",53,"MI-MSM",0.925489960786953,0.995115924622599,0.195483965632788,-1.52101193614589,0.0159756145316049,-1.60490402511786,0.354328038021205,0.225340031726015,16.0797,16.22878,7,1,"seine",3,1,-0.1325897,96,-0.20936441719441,-1.50338321584215
"39-270",12,"MI-MSM",0.0117841647674512,0.461084621479215,0.73050535905753,-0.625255635558515,0.616671556756929,-1.0266247402683,-0.669353084650274,0.747904126267388,16.66602,16.78045,7,1,"seine",3,1,-0.1325897,97,-0.131232569510459,-1.43866484718878
"4-1",4,"MI-MNH",0.814888802969364,0.9077947967261,0.0249477477146508,0.673591000293181,-1.39816753918016,0.694894837042344,-0.308299500379235,-1.43159043370521,14.77955,14.59666,4,1,"seine",3,1,-0.1325897,98,0.0334228945250548,0.0191398473062943
"4-20",10,"MI-MNH",0.377563940448686,-0.689379924883991,-0.310249165866433,-0.849194710705359,1.68104067262822,-2.06634992780515,-0.276528438774771,1.4176712032156,17.75791,17.51503,4,1,"seine",3,1,-0.1325897,99,0.263369469412619,1.43373891105216
"40-104",12,"MI-MCM",0.266658489990438,0.581944073714831,2.17468063567144,-0.535680005499777,-0.747717948249036,1.19020283677684,-1.42177127019968,-0.706476839047114,15.36397,15.28968,1,1,"seine",3,1,-0.1325897,100,-0.0412411092019226,-0.205051138342249
"40-61",42,"MI-MCM",-0.592777106242062,-1.04077074958316,-0.383748535920961,-1.16270941591094,0.592823300091184,0.156504065570107,-1.18152450588105,0.494066076677035,16.64234,16.51017,1,1,"seine",3,1,-0.1325897,101,0.0987572234141492,0.489074558080452
"41-255.1",15,"MI-MSM",0.207060062532804,0.326859289351915,-1.38029195271591,-1.16270941591094,0.418453766256938,-1.32068834956229,-1.00380110760164,0.664875608015844,16.47022,16.69156,7,1,"seine",3,1,-0.1325897,102,-0.246421841758906,-1.21866431047741
"41-464",44,"MI-MSM",0.448875092209078,0.485848073679032,-0.310249165866433,0.0465615898820176,2.50648315313463,-0.755990819006568,0.990449601358913,2.4379719682532,18.65371,18.69634,7,1,"seine",3,1,-0.1325897,103,0.0685111848814262,2.73445684963612
"41-510",13,"MI-MSM",-1.32771228863433,1.10764524719547,0.978842529111434,-0.849194710705359,0.933096038799464,-0.269159640431199,-0.28585320767481,1.03427009427601,16.98342,17.09068,7,1,"seine",3,1,-0.1325897,104,-0.10117405547655,-2.14681198921239
"42-34",0,"MI-MWS",0.26362344706501,-1.12582423371506,-1.8476780308982,0.807954445381287,0.148573959327201,1.14964055781262,0.193366145662284,0.0158687676670832,16.207325,16.0127676,8,1,"seine",3,1,-0.1325897,105,0.132705191660118,0.0616571369629599
"42-93",0,"MI-MWS",-0.0254030185448361,-1.78875617783639,-1.18434602734495,0.673591000293181,-0.0892786449500494,1.3623298885468,-0.395751407566166,-0.221251752792197,15.97910937,15.77171005,8,1,"seine",3,1,-0.1325897,106,0.131973107842148,0.0522223258183806
"43-198",52,"MI-MCM",-0.602507304961625,-0.315556499054638,-0.369294321746055,0.584015370234443,0.835089058228201,0.184333697117729,0.0323352747506844,0.805286665709925,16.88447,16.84216,1,1,"seine",3,1,-0.1325897,107,0.0298023925182764,0.24282402297665
"43-37",29,"MI-MCM",-0.517566362151461,-0.515322610285738,-0.0912002577380448,-0.983558155793465,1.03114240233884,-0.037237035907788,-1.175427841694,0.913396441839905,17.08299,16.95904,1,1,"seine",3,1,-0.1325897,108,0.117745960498938,1.00122012636837
"44-159",9,"MI-MSH",0.48793412966252,-0.57140023779664,-0.0912002577380448,-0.266953115323564,1.30755315533726,-0.778065293831081,-0.0659952311661566,1.41660015161266,17.36685,17.51383,6,1,"seine",3,1,-0.1325897,109,-0.109046996275394,-0.988432313645743
"44-271",11,"MI-MSH",0.111435294175465,-0.363472931177793,-0.310249165866433,0.0913494049113864,1.41627492460343,-0.672859535512185,0.530728285011111,1.53126700586061,17.47979,17.64277,6,1,"seine",3,1,-0.1325897,110,-0.114992081257179,-1.19851665094338
"44-316",15,"MI-MSH",-0.827950266466848,1.53701686085763,0.978842529111434,-0.177377485264827,0.589356034889183,-0.0953947642350056,0.341418979696313,0.79794311909326,16.6389,16.83425,6,1,"seine",3,1,-0.1325897,111,-0.208587084204076,-3.12360999492251
"44-79",25,"MI-MSH",-0.934368508960084,0.794981812660573,0.858815969186042,0.225712849999493,0.763323759127167,0.196487945047036,-0.371473642172278,0.846637575129658,16.81238,16.88677,6,1,"seine",3,1,-0.1325897,112,-0.0833138160024911,-0.958634769088943
"44-81",32,"MI-MSH",-0.508987441795663,0.794981812660573,0.332041889479204,-0.311740930352933,0.598476227424365,0.394030903411582,-0.218746040580794,0.693208471746457,16.64795,16.72184,6,1,"seine",3,1,-0.1325897,113,-0.0947322443220925,-0.754630294003155
"46-163",6,"MI-MER",0.610594042635406,0.814796428780787,0.73050535905753,-1.16270941591094,0.820281322612306,-1.46145920969442,1.65389882294804,1.12474333136806,16.86957,17.18988,2,1,"seine",3,1,-0.1325897,114,-0.304462008755754,-3.45645080608687
"46-80",35,"MI-MER",0.661734298686319,0.510949359235584,0.592681857621888,-0.446104375441039,1.21821300969236,0.65445387286944,-0.50629586530708,1.53913315322827,17.27459,17.65165,2,1,"seine",3,1,-0.1325897,115,-0.320920143535908,-2.8529774628118
"46-91",41,"MI-MER",-0.763537720541224,0.461084621479215,0.282000318129149,-0.893982525734728,0.749121491867316,-1.06743142978729,1.09193752869822,1.06225231936659,16.79815,17.1213,2,1,"seine",3,1,-0.1325897,116,-0.313130827499272,-2.98484141530956
"47-101",5,"MI-MER",0.492999088060112,-2.31184166458285,-0.448967000666553,-0.535680005499777,0.372238355562567,-0.245390153986201,0.684156010626103,0.53115684902939,16.4249,16.54939,2,1,"seine",3,1,-0.1325897,117,-0.158918493466823,-0.320016382766139
"47-153",69,"MI-MER",0.700210706170314,0.852923504042565,0.364670203493031,-0.401316560411671,1.116940300348,-1.5652795661686,-0.891889782525019,1.1959592393116,17.1706,17.26837,2,1,"seine",3,1,-0.1325897,118,-0.0790189389636025,-0.759680015234591
"47-252",31,"MI-MSH",0.260100013425383,0.889960828598049,1.6537618984709,-0.714831265617252,-0.00621507008350906,-1.21482253958669,0.107751586751561,0.0951458434123503,16.05844,16.09418,6,1,"seine",3,1,-0.1325897,119,-0.101360913495859,-0.888708460702056
"47-379",37,"MI-MSH",0.145377355045127,0.510949359235584,0.104745667632915,-0.356528745382302,1.38107095958415,-2.36787782425639,-1.17360740876224,1.37055594288849,17.44314,17.46232,6,1,"seine",3,1,-0.1325897,120,0.0105150166956578,0.176624173115649
"47-469",88,"MI-MSH",-0.400673835353373,0.693184140988442,-0.197501543591449,-0.580467820529146,0.518614712566474,-0.0506802322661846,1.23020025821191,0.647877459886114,16.56887,16.67342,6,1,"seine",3,1,-0.1325897,121,-0.12926274731964,-1.03225357969057
"47-485",14,"MI-MSH",-1.297436934065,0.0101255290116841,-0.219510867866555,-0.222165300294195,0.926171662959249,-0.808256331175054,2.05634912001983,1.02993394337319,16.97641,17.08594,6,1,"seine",3,1,-0.1325897,122,-0.103762280413943,-1.42224352585713
"47-68",51,"MI-MER",-0.494091446476452,0.534786595970762,0.519740501132261,-1.34186067602842,1.6297889298526,0.373020289199678,0.295630143496264,1.66746923393934,17.70373,17.79716,2,1,"seine",3,1,-0.1325897,123,-0.0376803040867359,-0.510664225410855
"47-73",14,"MI-MER",-1.42211456212685,-0.363472931177793,0.364670203493031,-0.759619080646621,1.13027829856311,0.0393994558957043,1.06355181102075,1.22492789145509,17.18426,17.3004,2,1,"seine",3,1,-0.1325897,124,-0.0946495928919755,-0.947481686136615
"48-105",3,"MI-MES",-0.164421346631572,-2.55237070647751,-1.74433110022621,-0.580467820529146,0.0392828193793415,-2.51358103833245,5.08727286163807,0.0135181838464625,16.10206,16.01036,3,1,"seine",3,1,-0.1325897,125,0.025764635532879,0.0181720250386461
"48-171",0,"MI-MES",-0.265687034496595,0.943317482942444,1.29844382764808,0.807954445381287,-1.40643125304466,1.58091104381946,-0.572756851924403,-1.21223061734435,14.77227,14.80293,3,1,"seine",3,1,-0.1325897,126,-0.194200635700307,-0.0732349542601241
"48-175",0,"MI-MES",-2.12705440976207,1.98241631809849,1.19789143723982,-1.29707286099905,-0.654269096213114,1.57637876911661,-0.406735030110878,-0.539056563634617,15.44981,15.45431,3,1,"seine",3,1,-0.1325897,127,-0.115212532578498,-0.152817413413959
"48-223",0,"MI-MES",-1.47412482694301,-0.963456698623848,0.73050535905753,0.225712849999493,-0.261981703642238,2.16426019866659,-1.26748593990461,-0.210154683450352,15.81542,15.78291,3,1,"seine",3,1,-0.1325897,128,-0.0518270201918865,-0.0243521070500569
"48-24",5,"MI-MES",-0.909161025294434,-0.689379924883991,-0.310249165866433,-0.714831265617252,0.0961326967406704,-1.15217086192707,2.47616151244585,0.0384451062620952,16.15673,16.03591,3,1,"seine",3,1,-0.1325897,129,0.0576875904785752,0.0561456656560938
"48-28",72,"MI-MES",-0.558443717101978,0.693184140988442,0.592681857621888,0.71837881532255,-0.672636863294842,0.288474729203542,0.638318318749976,-0.683969271027374,15.4329,15.31171,3,1,"seine",3,1,-0.1325897,130,0.0113324077325319,0.00701196482963002
"48-43",6,"MI-MES",-0.369502598534088,-0.689379924883991,1.19789143723982,-0.132589670235458,-0.22306351791633,0.436679460410691,-0.783761193194525,-0.262200895831363,15.85216,15.73045,3,1,"seine",3,1,-0.1325897,131,0.0391373779150321,0.0217394547082302
"48-485",0,"MI-MES",-2.37177004160728,-0.888133998136871,-1.00709137684872,-0.446104375441039,0.0690476056989774,-0.909070340194088,-0.743813996826711,-0.0500585920541604,16.13066036,15.94537822,3,1,"seine",3,1,-0.1325897,132,0.119106197753138,0.0822441330157838
"48-49",0,"MI-MNM",1.47615656500487,0.461084621479215,1.09159015138641,0.449651925146337,-1.00750846558522,0.515372508522701,-0.154248474233089,-1.04563466769862,15.12783,14.96153,5,1,"seine",3,1,-0.1325897,133,0.0381262021133937,0.0294986928228402
"48-53",24,"MI-MNM",2.7554965034129,-0.751595771293803,-0.430275725791825,0.180925034970124,-0.3014262332761,-0.192349968766412,0.927377492609122,-0.407145701082822,15.77827,15.58527,5,1,"seine",3,1,-0.1325897,134,0.105719467806722,0.0672943571819912
"48-573",45,"MI-MES",-0.595878275174611,0.485848073679032,1.27876357843704,-0.222165300294195,-0.840564835735783,0.0841989496788548,-0.814511597790013,-0.970419028818647,15.27915529,15.03369128,3,1,"seine",3,1,-0.1325897,135,0.129854193082864,0.0677904581877764
"48-608",0,"MI-MES",-1.61760159722355,-2.31184166458285,-1.18434602734495,3.71916242229026,-0.324999997939517,1.26224216978519,-0.99135327106826,-0.505299326628256,15.75610922,15.48771876,3,1,"seine",3,1,-0.1325897,136,0.180299328688739,0.0379361218061485
"48-621",0,"MI-MES",-2.32292328103757,0.208879602264564,1.14550019255688,1.7932863760274,0.0921796050887719,2.55748272668583,-1.81756467828399,-0.0311621565939944,16.15292249,15.96466466,3,1,"seine",3,1,-0.1325897,137,0.123341761682766,0.120512787871818
"48-622",0,"MI-MES",-2.27328138593652,0.0450579557938886,1.52833688425969,1.7932863760274,-0.105204089061894,0.894716960008773,-0.284231807169696,-0.209272037821838,15.96394446,15.78380117,3,1,"seine",3,1,-0.1325897,138,0.104067948759944,0.135187806223876
"48-643",0,"MI-MES",-0.844770668108704,0.96100358246538,1.61288627073917,-0.0430140401767201,-0.762725684735171,0.61307274301415,0.860036994388531,-0.834587152151684,15.35022875,15.16489023,3,1,"seine",3,1,-0.1325897,139,0.0718614674165128,0.0663537997410638
"49-127",0,"MI-MNM",1.59817061202578,-0.411594099569675,-0.0912002577380448,-1.20749723094031,-0.17106656143821,-0.837468243259612,2.26095146197972,-0.337051364486792,15.90138,15.65531,5,1,"seine",3,1,-0.1325897,140,0.165984803048582,0.198219725191518
"49-166",0,"MI-MNH",1.03572927924887,-0.888133998136871,0.592681857621888,-0.893982525734728,-0.00596439985141012,0.870075380152315,0.224114432646211,-0.320753779175946,16.05868,15.67164,4,1,"seine",3,1,-0.1325897,141,0.314789379324536,0.338447254236203
"49-262",16,"MI-MNM",1.16587833342875,-1.41358213743429,-0.430275725791825,-0.670043450587884,-0.0406865498129528,-0.36286304973722,1.61285964375681,-0.246447711677224,16.02547,15.74631,5,1,"seine",3,1,-0.1325897,142,0.205761161864271,0.17090668508193
"49-280",99,"MI-MNM",2.10389758722982,-0.270813922735265,-0.0912002577380448,0.897530075440025,-0.353051120604767,0.0727388144267386,1.42355425217105,-0.478271128596837,15.72978,15.51452,5,1,"seine",3,1,-0.1325897,143,0.12522000799207,0.103008331736935
"49-336",0,"MI-MES",-0.869891558839885,-1.78875617783639,-1.38029195271591,-0.849194710705359,0.186805107778906,0.69714988241423,0.127849884202538,-0.145679952516598,16.24431,15.84814,3,1,"seine",3,1,-0.1325897,144,0.332485060295505,0.0961222575129532
"49-97",2,"MI-MNM",-0.196696006299327,-1.52827420706232,-1.00709137684872,-0.490892190470408,0.315365336565185,0.576859538004851,0.952481351287467,0.0606069079951772,16.3693,16.05866,5,1,"seine",3,1,-0.1325897,145,0.254758428570008,0.230332539960061
"5-51",0,"MI-MCM",3.17785721460611,2.7572392838445,1.98608684660636,-0.0878018552060889,-2.87601212884408,0.203439779779677,-0.991978426650219,-2.84171915616803,13.53303,13.3376,1,1,"seine",3,1,-0.1325897,146,-0.0342929726760479,-0.0531236377120618
"5-75",2,"MI-MCM",1.41474778325776,-0.57140023779664,0.104745667632915,0.494439740175706,0.526255766265525,0.348121877727387,-0.463433614817037,0.359272956393809,16.57642,16.36842,1,1,"seine",3,1,-0.1325897,147,0.166982809871715,0.800943752788564
"50-175",1,"MI-MER",0.597929214918712,-0.57140023779664,-0.558586335920342,-0.266953115323564,1.46707259653738,-0.80888307314105,-0.10700163677566,1.42779793847748,17.53281,17.52638,2,1,"seine",3,1,-0.1325897,148,0.0392746580598962,0.238781107293659
"51-126",3,"MI-MCM",1.53366991867666,0.943317482942444,1.19789143723982,-0.266953115323564,-0.29144750649397,0.789312541696982,-0.857744819923752,-0.33072193131034,15.78766,15.66165,1,1,"seine",3,1,-0.1325897,149,0.0392744248163695,0.192090537149642
"52-1152",0,"MI-MNM",-0.250145810877383,-0.363472931177793,-0.845270559291169,0.0913494049113864,-1.02813614459924,1.15153237773918,-0.350452618082066,-0.973037221489934,15.10923647,15.03117357,5,1,"seine",3,1,-0.1325897,150,-0.055098923109303,-0.0250051660817135
"52-1185",0,"MI-MNM",2.12692927979808,0.889960828598049,-1.18434602734495,-0.0430140401767201,-2.70055857190937,0.936232548816616,-0.281301112281839,-2.51614809144841,13.67533908,13.6182911,5,1,"seine",3,1,-0.1325897,151,-0.18441048046096,-0.0249856700454309
"52-1288",0,"MI-MWS",0.577605488026944,-0.142511222434605,1.29844382764808,-0.222165300294195,-1.46912323460432,-0.00231778289593721,-1.19977406453148,-1.37995822299217,14.71715755,14.64495103,8,1,"seine",3,1,-0.1325897,152,-0.0891650116121505,-0.0455665011139011
"52-1356",104,"MI-MNM",-0.456377499955355,-1.52827420706232,-0.430275725791825,1.56934730088056,-1.2613243042406,0.929711533483834,0.124792118168127,-1.19883799053758,14.90062634,14.81561745,5,1,"seine",3,1,-0.1325897,153,-0.0624863137030169,-0.0248117124938264
"52-1360",0,"MI-MNM",-1.40329632889321,-0.22614763199638,0.592681857621888,1.88286200608614,-1.08348750581941,0.619825298413958,0.831015759859745,-1.01926063130158,15.05945631,14.98679352,5,1,"seine",3,1,-0.1325897,154,-0.0642268745178236,-0.0792035914011875
"52-139",1,"MI-MES",-0.732608446255385,0.208879602264564,1.91719874169337,1.65892293093929,-1.02706658005991,1.64255697982564,-0.896930766244015,-1.16931958585933,15.1102,14.84362,3,1,"seine",3,1,-0.1325897,155,0.142253005799425,0.0660628163424385
"52-182",0,"MI-MNM",0.540538127722078,0.434988675363057,0.73050535905753,0.00177377485264875,-0.678300059632798,0.241241979387973,-0.682144612537092,-0.811832983806277,15.42769,15.18698,5,1,"seine",3,1,-0.1325897,156,0.13353292417348,0.123536041948415
"52-196",18,"MI-MNM",0.169284532219846,-0.463270851785498,-0.430275725791825,-0.0878018552060889,-0.34234898078489,0.404107963137049,0.368635189475879,-0.487785738069343,15.73982,15.50508,5,1,"seine",3,1,-0.1325897,157,0.145436757284454,0.114200483461548
"52-255",23,"MI-MNM",-0.718934129240798,0.298828321263663,0.443821135686694,0.807954445381287,-0.973914683811629,0.365608477183675,-0.356446585901903,-1.04195726890092,15.15816,14.96505,5,1,"seine",3,1,-0.1325897,158,0.0680425850892937,0.0639555925405723
"52-259",50,"MI-MNM",-0.499504367674924,0.113309194411649,1.39383736261078,0.539227555205075,-1.10630857277863,1.52073781909974,-1.2007128985464,-1.13951261837941,15.03898,14.87195,5,1,"seine",3,1,-0.1325897,159,0.0332040456007705,0.0282730254270499
"52-666",1,"MI-MNM",-0.0322414984997973,1.320429951958,1.34675215917501,0.494439740175706,-1.7038493227669,0.84250529068114,0.0505177698921637,-1.5642001980539,14.51263,14.47336,5,1,"seine",3,1,-0.1325897,160,-0.139649124713002,-0.131443588708609
"52-710",0,"MI-MES",-1.5033144046758,-0.888133998136871,0.662870043815085,0.494439740175706,-0.0520985450284609,1.2152160569839,0.236303188077086,-0.257511025218675,16.01457,15.73517,3,1,"seine",3,1,-0.1325897,161,0.205412480190214,0.135506574243225
"52-846",0,"MI-MNM",-0.947345622682047,0.581944073714831,0.858815969186042,0.225712849999493,-1.42324367357136,1.10180574268414,-0.460043139173912,-1.32606199960113,14.75747,14.69553,5,1,"seine",3,1,-0.1325897,162,-0.0971816739702285,-0.0868349965401335
"54-118",54,"MI-MSH",-0.436106403395244,-0.628081921068926,0.282000318129149,0.404864110116968,0.800275096857288,-0.221870363733528,1.36120892185876,0.827667370871885,16.84946,16.86629,6,1,"seine",3,1,-0.1325897,163,-0.0273922740145964,-0.222792727866879
"54-194",31,"MI-MSH",-0.661173945099367,-0.363472931177793,0.592681857621888,-0.983558155793465,0.887229349063944,-0.0396473582905836,0.56622999601108,0.877461337200203,16.93704,16.9201,6,1,"seine",3,1,-0.1325897,164,0.00976801186374099,0.0895126220809455
"54-195",73,"MI-MSH",-1.4050175778013,-0.689379924883991,-0.430275725791825,-1.11792160088157,1.12151117512258,1.37757104937925,-0.957157483817534,1.0959617987243,17.17528,17.15826,6,1,"seine",3,1,-0.1325897,165,0.0255493763982788,0.162775582258436
"54-232",53,"MI-MSH",0.921063450195104,0.178145009984081,0.443821135686694,-0.849194710705359,0.440445969027274,0.00661361876364661,0.366887679302802,0.483827454392546,16.49183,16.49936,6,1,"seine",3,1,-0.1325897,166,-0.0433814853652728,-0.23880983113559
"54-306",0,"MI-MCM",-1.89424281676753,-1.12582423371506,-0.845270559291169,-0.983558155793465,1.27223614808438,1.57788824076471,-0.880965564652473,1.25193980364124,17.33032,17.33032,1,1,"seine",3,1,-0.1325897,167,0.0202963444431445,0.177658682990937
"54-90",35,"MI-MSH",1.47115129450215,0.355201407725916,0.592681857621888,0.270500665028862,0.768251320869952,-0.348088676384494,1.32513772857005,0.790837670250391,16.81732,16.8266,6,1,"seine",3,1,-0.1325897,168,-0.0225863493804389,-0.195217674589788
"56-14",6,"MI-MSH",1.32721369466761,-0.689379924883991,-0.908319519075845,0.0913494049113864,1.01759756332379,-0.3749861625509,0.731147419555009,1.13124414998927,17.0692,17.19703,6,1,"seine",3,1,-0.1325897,169,-0.113646586665478,-0.577593989123393
"57-45",133,"MI-MCM",1.60050688619895,-0.363472931177793,0.120794198331303,-0.177377485264827,0.215288679034681,0.307579300133988,-0.417867214595257,0.17147870065468,16.27192,16.17296,1,1,"seine",3,1,-0.1325897,170,0.0438099783800016,0.179554132328338
"59-369",67,"MI-MCM",-0.130980653114584,0.298828321263663,0.858815969186042,-1.0731337858522,0.502471032730916,0.508639908230548,0.099225360482985,0.549273022385127,16.55293,16.56858,1,1,"seine",3,1,-0.1325897,171,-0.0468019896542117,-0.467063251700948
"60-162",2,"MI-MNH",0.416275319170735,1.02835331028761,1.73291283066456,-1.20749723094031,-0.778772175609036,0.596277505449285,-1.44872747238043,-0.892420562812008,15.33555,15.10889,4,1,"seine",3,1,-0.1325897,172,0.113648387202972,0.158638748805382
"60-167",4,"MI-MNH",-0.424133378632936,0.461084621479215,1.09159015138641,-0.446104375441039,0.00544757177746564,0.892803932290618,-0.528182641945644,-0.177809946456131,16.06961,15.8156,4,1,"seine",3,1,-0.1325897,173,0.183257518233596,0.386039228412596
"60-223",12,"MI-MNH",0.484826865938897,0.0101255290116841,0.104745667632915,0.71837881532255,-1.14529906074402,0.488696066455085,0.828527246626888,-1.2118187699166,15.00406,14.80332,4,1,"seine",3,1,-0.1325897,174,0.0665197091725758,0.0475412169702532
"60-226",82,"MI-MNH",0.747167878759389,-2.1151140414149,-0.310249165866433,-0.670043450587884,0.377700692019928,0.560299961162169,0.613667784847628,0.172251941684898,16.43025,16.17376,4,1,"seine",3,1,-0.1325897,175,0.20544875033503,0.198487802378652
"60-71",18,"MI-MNH",-0.465141371263244,0.461084621479215,0.104745667632915,-1.38664849105778,0.164622323487916,0.802562982250487,-0.196049354139234,-0.00453595550252376,16.22284,15.99188,4,1,"seine",3,1,-0.1325897,176,0.16915827899044,0.314592324960731
"60-91",1,"MI-MNH",-0.477720230288241,0.461084621479215,1.09159015138641,-0.446104375441039,-0.531200679562478,-0.180352070437999,0.262032605489829,-0.623981606895333,15.56359,15.37058,4,1,"seine",3,1,-0.1325897,177,0.0927809273328547,0.179076788247206
"61-109",28,"MI-MCM",-0.461535590180926,-0.888133998136871,0.795767009401366,-0.893982525734728,1.38610874328279,-0.115819474087692,-0.591616338907002,1.29331500846857,17.44838,17.37625,1,1,"seine",3,1,-0.1325897,178,0.0927937348142209,1.36902863552488
"61-66",12,"MI-MCM",2.18240977406386,0.814796428780787,-2.13436225426904,-0.759619080646621,0.203131564485658,-1.40931498242211,-1.06950451694972,0.0306639789613378,16.26013,16.02793,1,1,"seine",3,1,-0.1325897,179,0.172467585524321,0.5409239728894
"62-11",29,"MI-MCM",-0.992606463422616,0.814796428780787,0.519740501132261,0.0465615898820176,0.68013504609036,-1.00181851603999,-1.45167823851511,0.714648528398973,16.7292,16.74479,1,1,"seine",3,1,-0.1325897,180,-0.0345134823086136,-0.482355743280103
"62-128",6,"MI-MCM",0.956367255554454,1.16795421369018,-0.310249165866433,0.0913494049113864,-0.328640181716647,-1.46435141875663,-0.244256830822405,-0.257093774385718,15.75269,15.73559,1,1,"seine",3,1,-0.1325897,181,-0.0715464073309295,-0.341595511095899
"62-269",24,"MI-MCM",-0.0978465261290776,-0.411594099569675,0.282000318129149,-0.401316560411671,0.947725615381851,1.22699277700291,-0.78114405097364,0.938052844863304,16.99824,16.98581,1,1,"seine",3,1,-0.1325897,182,0.00967277051854709,0.0786624881853285
"63-1047",12,"MI-MSH",0.0956113509482475,-0.363472931177793,0.282000318129149,0.180925034970124,0.0159964762416037,0.565353803542008,-0.102947352943922,0.140750090655988,16.07972,16.1412,6,1,"seine",3,1,-0.1325897,183,-0.124753614414385,-0.435516588093396
"63-1203",33,"MI-MER",-0.422473074759844,0.55896626313636,0.364670203493031,-0.759619080646621,0.462866426898419,-0.938120128506333,0.175188374642253,0.481705013721163,16.51389,16.49712,2,1,"seine",3,1,-0.1325897,184,-0.0188385868227438,-0.109839907137103
"63-1650",14,"MI-MER",0.514900328989501,0.775513526167866,1.03607061968227,-0.849194710705359,1.23575834309834,-0.198003051526248,-0.0877168579900544,1.2349544687535,17.29267,17.3115,2,1,"seine",3,1,-0.1325897,185,0.000803874344844857,0.00878598620577617
"63-1692",14,"MI-MSH",-0.424441880592797,0.178145009984081,-0.197501543591449,-0.714831265617252,1.39017440030619,1.03418674639046,-0.770934669186327,1.41027945300694,17.45261,17.50675,6,1,"seine",3,1,-0.1325897,186,-0.0201050527007574,-0.18757444429884
"63-2",6,"MI-MER",1.12164922152219,-2.31184166458285,-1.20303730221968,-1.16270941591094,-0.188342260335122,-0.239671481053778,-0.617959642274163,-0.0884953797468166,15.88501,15.90622,2,1,"seine",3,1,-0.1325897,187,-0.0998468805883054,-0.0851673192440645
"63-278",57,"MI-MER",-0.381633765239226,-2.31184166458285,0.282000318129149,-0.670043450587884,1.0137452562915,-0.606206597338906,1.60577330365111,1.01982073322128,17.06528,17.07489,2,1,"seine",3,1,-0.1325897,188,-0.00607547692978905,-0.0321007436377504
"63-279",33,"MI-MER",-0.381633765239226,0.0450579557938886,0.364670203493031,-0.670043450587884,1.0137452562915,-0.606206597338906,1.60577330365111,1.01982073322128,17.06528,17.07489,2,1,"seine",3,1,-0.1325897,189,-0.00607547692978905,-0.054957701278108
"63-673",38,"MI-MER",-0.525468442258676,0.178145009984081,0.662870043815085,-0.714831265617252,0.709525243103534,0.952665170272975,-0.302917604908723,0.742500010880441,16.75854,16.77465,2,1,"seine",3,1,-0.1325897,190,-0.032974767776907,-0.183874462583422
"63-731",16,"MI-MER",0.767311485404458,-0.0639468920100061,-0.0912002577380448,-1.02834597082283,1.46580022276754,-0.0803419945045029,-0.492349515077624,1.42244541559034,17.53148,17.52038,2,1,"seine",3,1,-0.1325897,191,0.043354807177205,0.305357955398048
"63-789",25,"MI-MER",-0.180837663385486,0.9077947967261,0.443821135686694,-0.490892190470408,0.354971803803136,-1.93565904046105,-0.697901399271875,0.392101149396838,16.408,16.40283,2,1,"seine",3,1,-0.1325897,192,-0.0371293455937022,-0.228092474473344
"63-865",29,"MI-MER",0.145683560967355,0.925968969970297,1.29844382764808,-1.20749723094031,0.558764680884704,-2.27978959856243,-0.843715001456012,0.538267991163939,16.60858,16.55692,2,1,"seine",3,1,-0.1325897,193,0.0204966897207653,0.19292565624222
"63-869",16,"MI-MER",-1.1855127806922,0.409224117685248,0.104745667632915,-0.759619080646621,1.13843600257536,-2.23822879061428,-0.933320286337417,1.07914350693872,17.19262,17.13981,2,1,"seine",3,1,-0.1325897,194,0.0592924956366354,0.651112256771423
"63-871",8,"MI-MER",-0.54451807939205,0.96100358246538,0.73050535905753,-0.535680005499777,0.575267939128203,-2.10218352628792,-1.38435554748085,0.553810577492584,16.62493,16.57339,2,1,"seine",3,1,-0.1325897,195,0.021457361635619,0.178998951122991
"65-10",32,"MI-MSH",-1.16324935334235,0.735002521356065,0.519740501132261,-0.0430140401767201,0.0557014068277536,-0.148336376389326,-0.0749695446328235,-0.0628657334233513,16.11783,15.93232,6,1,"seine",3,1,-0.1325897,196,0.118567140251105,0.7813925523907
"65-121",0,"MI-MSH",-0.732675427930268,-0.888133998136871,-0.111979984483668,-0.490892190470408,0.738704175932862,0.544822550502268,-1.08132684816123,0.586845003220886,16.78772,16.60845,6,1,"seine",3,1,-0.1325897,197,0.151859172711976,0.675022781512389
"65-123",5,"MI-MSH",-0.648047388124661,0.534786595970762,0.592681857621888,0.404864110116968,-0.237173370762109,-0.221685116772066,0.9078809230198,-0.317741634611415,15.83883,15.67466,6,1,"seine",3,1,-0.1325897,198,0.0805682638493061,0.44576418945288
"65-133",24,"MI-MSH",-0.429152940172622,0.534786595970762,1.73291283066456,-0.0430140401767201,-0.326617298529622,-0.633023328809713,2.16991280956444,-0.401720289051899,15.75459,15.59068,6,1,"seine",3,1,-0.1325897,199,0.0751029905222764,0.730593907623387
"65-135",0,"MI-MSH",-2.06774019557921,-1.04077074958316,-0.558586335920342,-0.0430140401767201,0.781351193930894,-0.922189945388406,1.96982174002622,0.635890810142067,16.83046,16.66064,6,1,"seine",3,1,-0.1325897,200,0.145460383788827,1.47543220134999
"65-149",59,"MI-MSH",-0.113640256181722,0.889960828598049,1.48457566061066,-0.222165300294195,-0.503860772602446,-0.20968883855515,0.763576397004712,-0.572442084470998,15.58898,15.42134,6,1,"seine",3,1,-0.1325897,201,0.068581311868552,0.401163406163002
"65-151",138,"MI-MSH",-0.100584432168739,1.26695548130227,-0.0912002577380448,-0.580467820529146,-0.203014716412236,-0.0484146817989742,0.976587523654482,-0.290807756823865,15.87112,15.70169,6,1,"seine",3,1,-0.1325897,202,0.0877930404116295,0.429220737903835
"65-161",6,"MI-MSH",0.915182392126364,1.04439206161229,0.73050535905753,0.180925034970124,-0.335999146272692,-0.0914378475577519,1.02537035613103,-0.449802227659479,15.74578,15.5428,6,1,"seine",3,1,-0.1325897,203,0.113803081386787,0.506632819760803
"65-30",1,"MI-MSH",-1.69734838369874,-0.026988648705759,-0.585346023431051,0.404864110116968,0.6419129377186,0.0926746800274399,0.907614134200437,0.501657837549278,16.69112,16.51819,6,1,"seine",3,1,-0.1325897,204,0.140255100169322,1.07878210652286
"65-48",15,"MI-MSH",-1.05841446668588,0.0101255290116841,0.298830896304789,0.897530075440025,0.478916344015692,0.0710287140779051,-0.20681005514294,0.371826598911399,16.5297,16.38157,6,1,"seine",3,1,-0.1325897,205,0.107089745104293,0.687887258726893
"65-57",12,"MI-MSH",-1.28738317930574,-0.751595771293803,0.282000318129149,-0.177377485264827,1.10843984972494,-2.48067334002482,-1.98893843389818,0.958746343906037,17.1619,17.00831,6,1,"seine",3,1,-0.1325897,206,0.149693505818901,1.83431862496711
"65-60",41,"MI-MSH",-0.128809120269044,-0.026988648705759,-2.07338085022327,-0.759619080646621,0.537503539103545,-0.209244820246445,1.16156599438097,0.402295241161028,16.58754,16.41353,6,1,"seine",3,1,-0.1325897,207,0.135208297942517,0.467281092979401
"65-63",11,"MI-MSH",-0.597655651960502,-0.463270851785498,-0.154249217522721,0.0913494049113864,0.607531047279725,0.0415476329484576,1.06792607222437,0.48915123831361,16.65694,16.50498,6,1,"seine",3,1,-0.1325897,208,0.118379808966115,0.698077723773736
"65-79",13,"MI-MSH",0.0607746770089055,0.925968969970297,-0.287146183109004,-0.401316560411671,-0.0818795657024812,-1.05140892528217,-0.607553710060831,-0.248483011959594,15.98616,15.74426,6,1,"seine",3,1,-0.1325897,209,0.166603446257113,0.64339876738305
"66-575",0,"MI-MWS",-0.254591611286671,-1.41358213743429,-2.13436225426904,-0.311740930352933,-0.425146879344662,1.23039884148407,-0.471853341623623,-0.424457397321654,15.66231148,15.56802003,8,1,"seine",3,1,-0.1325897,210,-0.000689482023007892,-0.000200094961773298
"68-103",86,"MI-MNH",0.0123065674667802,0.649971179403046,-0.0912002577380448,-0.222165300294195,0.0144317759820195,0.299723311443401,0.629196171826286,-0.185630267723366,16.07822,15.80769,4,1,"seine",3,1,-0.1325897,211,0.200062043705385,0.350885771000724
"68-142",14,"MI-MNH",-0.037226803162412,0.9077947967261,0.919797373231812,-0.759619080646621,-0.166573785754805,0.933493981004832,-0.900034880331241,-0.301215093585773,15.90564,15.69124,4,1,"seine",3,1,-0.1325897,212,0.134641307830968,0.238110525090238
"69-157",19,"MI-MNH",-0.389511589558046,1.07640453713264,0.808548957967156,0.628803185263812,-0.484225950796418,-0.559949707013653,-0.077640195629112,-0.654074037938689,15.60724,15.34102,4,1,"seine",3,1,-0.1325897,213,0.169848087142271,0.342931131693668
"69-225",116,"MI-MNH",-0.221826253557937,-0.411594099569675,-0.69640983735598,-0.132589670235458,0.420816180863371,0.523712059955302,-1.46784953031157,0.210990646591189,16.47254,16.21389,4,1,"seine",3,1,-0.1325897,214,0.209825534272182,0.257857865378554
"69-92",12,"MI-MNH",-0.390740279671355,1.12273759050821,1.73291283066456,-0.670043450587884,-0.456662031369167,1.00039934821514,-0.220392406992444,-0.559431783844273,15.63291,15.43418,4,1,"seine",3,1,-0.1325897,215,0.102769752475106,0.242467559114933
"7-272",0,"MI-MWS",-0.111234585397267,-1.64985529844236,-1.5993408608443,-0.266953115323564,-0.343917962684287,-0.109472529188345,1.90527598197829,-0.244980533756203,15.73834769,15.74778794,8,1,"seine",3,1,-0.1325897,216,-0.0989374289280841,-0.0536078568819679
"7-285",0,"MI-MWS",0.775892984681713,-2.1151140414149,-1.8476780308982,0.00177377485264875,-0.71436791028876,0.0990036920164142,1.39360163706592,-0.551853766445031,15.39454972,15.44166375,8,1,"seine",3,1,-0.1325897,217,-0.162514143843729,-0.0438269626810066
"7-297",21,"MI-MWS",0.60429420639325,-0.689379924883991,-2.47343772232282,-0.670043450587884,-0.773252997876591,-0.231137436980852,1.92867561776438,-0.632711618386653,15.34059716,15.36199859,8,1,"seine",3,1,-0.1325897,218,-0.140541379489939,-0.0501885860824186
"7-540",1,"MI-MWS",-0.422603009562284,-0.103277714487982,-0.845270559291169,-0.132589670235458,0.838668490752104,-0.197005219212038,0.466278640340935,0.824814133995234,16.88807371,16.86321183,8,1,"seine",3,1,-0.1325897,219,0.0138543567568696,0.0264303019559801
"70-164",13,"MI-MSM",-0.518265924749898,0.627445604413291,-1.18434602734495,0.584015370234443,0.325260364510691,-1.74519746703959,-0.849881617053831,0.446234693516327,16.37896,16.45973,7,1,"seine",3,1,-0.1325897,220,-0.120974329005636,-0.73732763971261
"71-127",0,"MI-MNH",0.279617739207608,-0.270813922735265,0.104745667632915,0.449651925146337,0.33492440341397,0.252613371417755,-0.201682837220045,0.0774872340032089,16.3884,16.07601,4,1,"seine",3,1,-0.1325897,221,0.257437169410761,0.400808413444939
"71-154",4,"MI-MNH",-0.384714590646227,-0.22614763199638,-0.558586335920342,-1.20749723094031,-0.10229872713395,0.781535363324891,-0.703225446279172,-0.480760091021909,15.96671,15.51205,4,1,"seine",3,1,-0.1325897,222,0.378461363887959,0.352010108227218
"71-27",27,"MI-MNH",-1.39065906052423,1.49191773559575,0.858815969186042,0.449651925146337,0.0357617144651269,0.192484734984149,0.164292413571137,-0.0536454152946331,16.09868,15.94172,4,1,"seine",3,1,-0.1325897,223,0.08940712975976,0.369890227555156
"71-52",82,"MI-MNH",-0.0569210760762702,-1.64985529844236,-0.558586335920342,-0.80440689567599,-0.137368461490678,0.422850753453231,-0.0829198980433981,-0.371598896335031,15.93336,15.62075,4,1,"seine",3,1,-0.1325897,224,0.234230434844353,0.169754310356873
"71-53",14,"MI-MNH",-0.092090242874095,-0.628081921068926,-0.845270559291169,-0.177377485264827,0.549572342269182,-0.367996561199612,1.94409703392022,0.264514469598337,16.59948,16.2695,4,1,"seine",3,1,-0.1325897,225,0.285057872670846,0.555806048192864
"75-1048",0,"MI-MNM",-0.382566565028153,-0.628081921068926,0.282000318129149,-0.222165300294195,-0.312985170929665,1.52695618083726,-0.64258285663995,-0.381058794982,15.7674,15.6113,5,1,"seine",3,1,-0.1325897,226,0.0680736240523344,0.0595040417527207
"75-1078",0,"MI-MNM",-0.42647454977465,-2.31184166458285,-2.13436225426904,-0.670043450587884,-0.0382690412246126,0.484801652013299,0.66915122123129,-0.123856608718801,16.02778,15.87028,5,1,"seine",3,1,-0.1325897,227,0.085587567494188,0.0404943955548452
"75-294",19,"MI-MNM",-1.94931174347861,0.113309194411649,-1.38029195271591,0.180925034970124,0.103771469084853,1.92344811999681,-0.951722131946069,-0.0331741811245896,16.16409,15.96261,5,1,"seine",3,1,-0.1325897,228,0.136945650209442,0.16856132436417
"75-297",10,"MI-MNM",-0.0931342440393534,0.581944073714831,1.29844382764808,0.31528848005823,-0.608442901511765,0.883848562675977,-0.405009400399988,-0.701018101811388,15.49208,15.29502,5,1,"seine",3,1,-0.1325897,229,0.0925752002996231,0.124475245499775
"75-365",0,"MI-MNM",-0.301229751678722,-1.93903027673172,-1.14751777051553,-0.490892190470408,0.151973170488278,-0.359920639160047,0.292181213708278,0.0171206539363425,16.21061,16.01405,5,1,"seine",3,1,-0.1325897,230,0.134852516551936,0.103573761339966
"75-47",0,"MI-MNM",1.00257650120958,-0.463270851785498,0.282000318129149,0.807954445381287,-0.283078031582892,-1.1095654182062,1.81847918261297,-0.536254897448245,15.79554,15.45708,5,1,"seine",3,1,-0.1325897,231,0.253176865865354,0.31866051287585
"75-742",0,"MI-MNM",-0.502293763816828,-0.142511222434605,-0.916353078848842,0.71837881532255,-0.420876182487593,0.1752742789889,1.50495197150393,-0.470685764733502,15.6663,15.52205,5,1,"seine",3,1,-0.1325897,232,0.0498095822459095,0.0525222365812544
"75-744",0,"MI-MNM",-0.237529656365112,-1.12582423371506,-0.845270559291169,0.494439740175706,-0.0701222724290419,1.67986149702743,-0.489677223996721,-0.143559366657551,15.99737,15.85029,5,1,"seine",3,1,-0.1325897,233,0.0734370942285095,0.0471320026892029
"78-128",16,"MI-MSM",-0.313380525477625,0.649971179403046,0.519740501132261,-1.83452664135147,0.647689981914794,-1.11045445916757,0.762590142688635,0.812830864340564,16.69687,16.85029,7,1,"seine",3,1,-0.1325897,234,-0.16514088242577,-2.29520790315657
"78-130",11,"MI-MSM",-1.35271693161885,0.0450579557938886,0.978842529111434,-1.29707286099905,1.51164992883259,0.23614090586838,-1.01793716619165,1.61778916884281,17.57947,17.74069,7,1,"seine",3,1,-0.1325897,235,-0.106139240010216,-2.38961934177465
"78-171",33,"MI-MSM",0.96111137982137,0.889960828598049,-0.845270559291169,-0.670043450587884,0.756817958594602,-0.474932362758945,0.0116528996912923,0.924490648778447,16.80586,16.97108,7,1,"seine",3,1,-0.1325897,236,-0.167672690183845,-1.25794363623987
"78-42",19,"MI-MSM",0.867138691530191,0.355201407725916,-1.5993408608443,-0.625255635558515,1.29977684435213,-1.72165015035956,-0.676704146381435,1.45852162620724,17.3588,17.56086,7,1,"seine",3,1,-0.1325897,237,-0.158744781855109,-1.54792271845688
"78-93",71,"MI-MSM",0.056840903225927,-0.103277714487982,0.919797373231812,-1.47622412111652,1.59942571786747,0.353508567948174,-0.719319102172068,1.63316665219424,17.67171,17.75815,7,1,"seine",3,1,-0.1325897,238,-0.0337409343267712,-0.638198753210513
"79-2",34,"MI-MSH",-0.113964300922081,0.269211586977685,-0.310249165866433,-2.50634386679201,1.33620260595431,0.258082104378688,0.299198437392544,1.51371335777138,17.39654,17.62297,6,1,"seine",3,1,-0.1325897,239,-0.177510751817066,-1.89685562829695
"8-202",111,"MI-MSM",0.600323309089439,-1.41358213743429,-0.430275725791825,-0.80440689567599,2.20404400288872,-1.06674252658641,-0.960553116364285,1.94202280507014,18.32036386,18.11249488,7,1,"seine",3,1,-0.1325897,240,0.26202119781858,4.40217369110169
"8-413",8,"MI-MSM",1.81683698049106,0.833687646187324,0.104745667632915,-1.16270941591094,1.29384317133115,-0.922363552283103,-0.0680956177079908,1.3910963829076,17.35266,17.48528,7,1,"seine",3,1,-0.1325897,241,-0.0972532115764431,-1.56549344476136
"8-493",13,"MI-MSM",-0.912596128874877,-0.515322610285738,-0.69640983735598,-1.47622412111652,1.72685287022078,-0.0154837108261363,0.343846922440971,1.86433064075592,17.80648,18.0227,7,1,"seine",3,1,-0.1325897,242,-0.137477770535146,-2.07617607961967
"8-603",27,"MI-MSM",-0.197076801573556,-2.31184166458285,-0.845270559291169,-0.849194710705359,1.05201283699318,-0.27471189292577,0.877388299664156,1.17565916520711,17.10426,17.24596,7,1,"seine",3,1,-0.1325897,243,-0.123646328213935,-0.707965819260395
"8-604",11,"MI-MSM",-0.197076801573556,0.239891002197771,-0.558586335920342,-0.849194710705359,1.05201283699318,-0.27471189292577,0.877388299664156,1.17565916520711,17.10426,17.24596,7,1,"seine",3,1,-0.1325897,244,-0.123646328213935,-1.33162790807813
"8-619",45,"MI-MSM",-1.31111251286185,0.113309194411649,0.802168964761345,-1.38664849105778,1.07419904013765,0.87741275339821,-0.0762342224487759,1.15673943793948,17.1269,17.2251,7,1,"seine",3,1,-0.1325897,245,-0.0825403978018302,-1.31267971033736
"8-623",6,"MI-MSM",-0.963346569459312,-0.751595771293803,-0.310249165866433,-0.714831265617252,1.81488059468362,1.58440934703561,-1.02954361176692,1.84699962213025,17.90018,18.00273,7,1,"seine",3,1,-0.1325897,246,-0.0321190274466314,-0.413034229784128
"8-84",27,"MI-MSM",0.289030317137569,0.38205142686236,-0.310249165866433,-0.759619080646621,1.70694743671338,-1.13412071228757,-0.567783276308765,1.57332435108509,17.78536,17.6903,7,1,"seine",3,1,-0.1325897,247,0.133623085628297,2.3002747169327
"81-179",3,"MI-MER",0.0744884206563346,-0.22614763199638,-0.310249165866433,-1.29707286099905,0.348499931062632,-0.593886774637527,-1.22422303603025,0.52012014719975,16.40167,16.53771,2,1,"seine",3,1,-0.1325897,248,-0.171620216137118,-0.5056453253724
"81-18",45,"MI-MER",-0.0462787323494974,1.13815052934633,0.282000318129149,-1.0731337858522,0.757227140045526,0.367662833001751,0.847756653640651,0.946646271942739,16.80627,16.99515,2,1,"seine",3,1,-0.1325897,249,-0.189419131897213,-1.5055304861148
"81-266",0,"MI-MER",1.07450015716866,-0.142511222434605,-0.558586335920342,-0.983558155793465,1.0540327603893,-2.06993137865754,-1.21700144905168,1.16475998983606,17.10632,17.23394,2,1,"seine",3,1,-0.1325897,250,-0.110727229446767,-0.650900677446325
"81-376",1,"MI-MSM",-1.81829290729397,-1.41358213743429,-1.18434602734495,-1.38664849105778,2.00969080645348,1.16299593269082,-0.355566302671935,2.11559897659514,18.1093,18.31473,7,1,"seine",3,1,-0.1325897,251,-0.105908170141661,-1.40002750175685
"81-5",11,"MI-MER",-0.787290937357787,1.060759503271,-0.430275725791825,-1.11792160088157,0.840323297061044,0.797258339883867,-0.423832210529923,1.01929887882393,16.88974,17.07432,2,1,"seine",3,1,-0.1325897,252,-0.178975581762888,-1.11853216396158
"81-6",13,"MI-MER",-0.359645608834043,0.38205142686236,0.282000318129149,-1.0731337858522,1.15650348086453,0.208681682632675,0.410437631529278,1.30804418208561,17.21115,17.39263,2,1,"seine",3,1,-0.1325897,253,-0.151540701221085,-1.31645404839647
"82-157",2,"MI-MER",1.25083820020094,-1.52827420706232,-0.845270559291169,-0.983558155793465,0.628472356600507,-1.87065309967932,-0.774988146094516,0.754898749502175,16.67775,16.78796,2,1,"seine",3,1,-0.1325897,254,-0.126426392901669,-0.333928371678385
"82-235",6,"MI-MER",-0.127721132233743,-3.21720211122556,-1.8476780308982,-0.670043450587884,1.99987966738354,-0.874760164414418,0.869981553874784,1.97663258148375,18.09871,18.15264,2,1,"seine",3,1,-0.1325897,255,0.0232470858997915,0.102009862385762
