"FID_1","OGF_ID","Area_sqm","Perim_m","FID_2","OGF_ID_1","My_intwb_1","Distance","Shape_Leng","Shape_Area","My_intwbdy","PDEM_South"
395,51222104,59278500,72659.9999999,392,51222104,393,0,72660,59278500,0,392.521577851505
386,51221541,4457700,18780,438,51221541,439,0,18780,4457700,0,328.148663550658
12,51211989,7260300,16680,7572,51211989,7573,0,16680,7260300,0,317.382846728715
650,51473016,5688900,13140,224,51473016,225,0,13140,5688900,0,338.430368064684
666,51473154,37771200,93719.9999999,271,51473154,272,0,93720,37771200,0,358.16686585383
665,51473150,65954700,160140,403,51220463,404,80.32254295,160140,65954700,0,370.106761291011
755,70711096,34617600,50220,411,70711096,412,0,50220,34617600,0,347.129588749163
663,51473142,208926000,236160,468,51473142,469,0,236160,208926000,0,372.327116487483
660,51473119,125391600,108960,475,51473119,476,0,108960,125391600,0,356.203920030617
683,51473263,211276800,207900,7399,51473263,7400,0,207900,211276800,0,365.587221392378
684,51473266,16477200,40080,7408,51473266,7409,0,40080,16477200,0,388.528354055527
685,51473292,1910700,8760,7424,51473292,7425,19.724975,8760,1910700,0,403.937956081827
524,51472568,82634399.9999,211260,7554,51210599,7555,177.84464133,211260,82634400,0,308.956338303277
527,51472600,50850000,85020,7563,51472600,7564,0,85020,50850000,0,297.449330383841
528,51472639,89548200,121860,7571,51472639,7572,0,121860,89548200,0,337.125710035038
617,51472909,14645700,28620,7717,51472909,7718,0,28620,14645700,0,339.188450165069
640,51472983,5693400,17880,7784,51472983,7785,0,17880,5693400,0,343.103540150983
930,106549146,132849900,150360,8006,106549146,8007,0,150360,132849900,0,321.29078706206
523,51472531,17364600,33960,8038,51472531,8039,0,33960,17364600,0,317.745123587112
616,51472908,23277600,39960.0000001,8146,51472908,8147,0,39960,23277600,0,361.808004686645
1129,106551425,121731300,110580,7426,106551425,7427,0,110580,121731300,0,NA
1103,106551182,2848500,9840,8323,106551182,8324,0,9840,2848500,0,293.933533312661
2907,108605101,427770900,322860,196,108605101,197,0,322860,427770900,0,332.380866415966
2906,108605100,110225700,134940,412,51217810,413,269.6499563,134940,110225700,0,331.265062792618
3000,108606170,15756300,36240,501,108606170,502,0,36240,15756300,0,330.057752505861
2905,108605098,44173800,54600,621,108605098,622,0,54600,44173800,0,322.998529174228
2812,108571992,3978000,15180,7448,108571992,7449,0,15180,3978000,0,301.702442945938
2843,108572344,68676300,106500,8053,108572344,8054,0,106500,68676300,0,296.112425095296
2811,108571953,96534000,84960,8391,108571953,8392,0,84960,96534000,0,332.693106046685
2640,108568854,13176900,26160,8427,108568854,8428,0,26160,13176900,0,337.874833227825
3016,108606289,36676800,44280,169,108606289,170,0,44280,36676800,0,322.357809486884
3037,108606346,19242000,60000,173,108606346,174,0,60000,19242000,0,319.827608943185
3036,108606345,9262800,21540,179,108606345,180,0,21540,9262800,0,323.982635088852
3012,108606285,1915200,9900,596,108606285,597,0,9900,1915200,0,325.106210651254
3271,108676942,310052700,296820,8668,108676942,8669,0,296820,310052700,0,NA
3285,108676969,9121500,22560,8681,108676969,8682,0,22560,9121500,0,NA
3499,108690472,1121400,6180,8691,108690472,8692,0,6180,1121400,0,NA
3287,108676983,3339900,12900,8701,108676983,8702,0,12900,3339900,0,NA
3197,108676492,6208200,16320,8725,108676492,8726,0,16320,6208200,0,NA
3173,108676419,9061200,25440,8827,108676419,8828,0,25440,9061200,0,NA
3486,108690396,5012100,14220,8894,108690396,8895,0,14220,5012100,0,NA
3314,108684979,90549900,114660,9500,108684979,9501,0,114660,90549900,0,NA
3607,108690617,12877200,27900,8582,108690617,8583,0,27900,12877200,0,NA
3595,108690603,127001700,192420,8694,108690603,8695,0,192420,127001700,0,NA
3599,108690608,8952299.99997,23160,8695,108690608,8696,0,23160,8952300,0,NA
3612,108690622,32478300,150780,8841,108690622,8842,57.7012,150780,32478300,0,NA
3605,108690615,105986700,160260,8843,108690615,8844,0,160260,105986700,0,NA
3568,108690572,54851400,90240,8944,108690572,8945,0,90240,54851400,0,NA
3528,108690530,37882800,61500,8946,108690530,8947,0,61500,37882800,0,NA
3604,108690614,18826200,42420,9057,108690614,9058,0,42420,18826200,0,NA
4576,225990483,9121500,20580,9356,225990483,9357,0,20580,9121500,0,NA
8091,750530003,27961200,40500,2472,750530003,2473,0,40500,27961200,0,NA
9208,750777616,10484100,26580,1837,750777616,1838,0,26580,10484100,0,NA
9234,750777721,28218600,37500,2185,750777721,2186,0,37500,28218600,0,NA
9175,750777528,68023800,102840,2283,750545549,2284,118.74323237,102840,68023800,0,NA
9271,750777824,29468700,37680,4278,750777824,4279,0,37680,29468700,0,NA
9276,750777833,133020000,114780,4284,750777833,4285,0,114780,133020000,0,NA
9247,750777759,8902800,19740,4364,750777759,4365,0,19740,8902800,0,NA
9239,750777734,148031100,150780,4401,750777734,4402,0,150780,148031100,0,NA
9281,750777845,69372000,68040,4445,750777845,4446,0,68040,69372000,0,NA
9335,750778026,50121900,67800,7483,750778026,7484,0,67800,50121900,0,NA
9344,750778064,11859300,23040,7491,750778064,7492,0,23040,11859300,0,NA
9520,1300585238,49162500,66240,9104,1300585238,9105,0,66240,49162500,0,NA
9518,1300585204,4671000,15900,9141,1300585204,9142,0,15900,4671000,0,NA
9532,1300789265,122572800,156300,9467,1300789265,9468,0,156300,122572800,0,NA
0,0,0,0,0,0,0,0,18840,7612200,129905,198.473965738422
0,0,0,0,0,0,0,0,23640,5834700,131801,203.403766001887
0,0,0,0,0,0,0,0,151140,291808800,131802,268.387715972539
0,0,0,0,0,0,0,0,12780,4006800,134182,478.064532709251
0,0,0,0,0,0,0,0,83040,84670200,134185,353.177529721566
0,0,0,0,0,0,0,0,13380,3266100,134195,447.919247452502
0,0,0,0,0,0,0,0,96900,43200900,130342,275.757766558013
0,0,0,0,0,0,0,0,60060,24046200,130373,195.203461181655
0,0,0,0,0,0,0,0,30780,12109500,130515,299.2910827047
0,0,0,0,0,0,0,0,11820,2621700,134266,463.890348665583
0,0,0,0,0,0,0,0,7320,1458900,134323,446.490649986385
0,0,0,0,0,0,0,0,63180,47745000,136269,302.02185878743
0,0,0,0,0,0,0,0,19200,5435100,130744,240.180884631467
0,0,0,0,0,0,0,0,13140,4036500,130745,251.55760912773
0,0,0,0,0,0,0,0,29220,13787100,130749,257.382839785333
0,0,0,0,0,0,0,0,6600,1420200,130756,248.354438046841
0,0,0,0,0,0,0,0,45720,19814400,130771,240.107070430768
0,0,0,0,0,0,0,0,65340,49643100,134342,324.295221858937
0,0,0,0,0,0,0,0,21840,8625600,134345,450.940261009738
0,0,0,0,0,0,0,0,70560,52560900,134389,329.408092341292
0,0,0,0,0,0,0,0,36840,17905500,134430,412.953886882572
0,0,0,0,0,0,0,0,12240,2232000,134455,359.240648072766
0,0,0,0,0,0,0,0,10800,2905200,134569,437.931873704421
0,0,0,0,0,0,0,0,43740,23879700,130988,264.631857487167
0,0,0,0,0,0,0,0,7560,1846800,134577,431.926091958207
0,0,0,0,0,0,0,0,31740,12160800,134628,417.377246027802
0,0,0,0,0,0,0,0,45720,18487800,134659,369.19316974915
0,0,0,0,0,0,0,0,80640,65195100,134685,303.108053115219
0,0,0,0,0,0,0,0,27000,13489200,134778,339.320683094734
0,0,0,0,0,0,0,0,56040,26275500,131849,233.09434210687
0,0,0,0,0,0,0,0,11160,2174400,134837,244.230071389912
0,0,0,0,0,0,0,0,15660,5497200,134866,332.720134222984
0,0,0,0,0,0,0,0,127184.653037,85373844.5115,134884,276.221470993901
0,0,0,0,0,0,0,0,202495.352042,286839333.964,136295,237.885616082387
0,0,0,0,0,0,0,0,6180,920700,136303,236.569980818971
0,0,0,0,0,0,0,53.45539169,939660,71213400,131343,182.235824726894
0,0,0,0,0,0,0,0,98160,70654500,131409,299.06139466968
0,0,0,0,0,0,0,0,25560,10688400,131410,289.710089989646
0,0,0,0,0,0,0,0,29400,11366100,131445,183.262117154337
0,0,0,0,0,0,0,0,59485.9096753,19131564.6786,131943,221.130444998776
0,0,0,0,0,0,0,0,100525.909675,55301135.3214,131953,226.169962381844
0,0,0,0,0,0,0,0,53100,43384500,134986,329.67998630194
0,0,0,0,0,0,0,0,191340,222009300,134997,342.399386687287
0,0,0,0,0,0,0,0,48780,32665500,135007,332.552710779904
0,0,0,0,0,0,0,0,9660,2757600,135022,438.578062769638
0,0,0,0,0,0,0,0,61860,44119800,135049,311.789796948823
0,0,0,0,0,0,0,0,7200,1359900,135056,236.769271052807
0,0,0,0,0,0,0,0,16140,3794400,136288,183.160474064228
0,0,0,0,0,0,0,0,50940,28034100,136289,185.692182146369
0,0,0,0,0,0,0,0,147780,109712700,136291,234.916340443081
0,0,0,0,0,0,0,0,221280,232119000,136292,267.615762101781
0,0,0,0,0,0,0,0,14040,1946700,132327,276.809133514672
0,0,0,0,0,0,0,0,30780,12740400,132382,278.009593358921
0,0,0,0,0,0,0,0,120780,81585000,135434,376.856642004937
0,0,0,0,0,0,0,0,18120,8728200,135486,389.080025561005
0,0,0,0,0,0,0,0,28560,14082300,135501,388.640896914021
0,0,0,0,0,0,0,0,44580,29942100,135502,389.146757624233
0,0,0,0,0,0,0,0,73920,44413200,135595,389.705769954675
0,0,0,0,0,0,0,0,20880,6846300,135669,325.570098724506
0,0,0,0,0,0,0,0,30600,16284600,135670,327.940714396231
0,0,0,0,0,0,0,0,122598.166538,81241200,135718,375.610570775303
0,0,0,0,0,0,0,192.15776543,178620,3414600,136217,254.169705267762
0,0,0,0,0,0,0,0,81420,57819600,136226,306.006917090493
0,0,0,0,0,0,0,0,34320,21207600,129315,434.454733020195
0,0,0,0,0,0,0,0,36420,22482900,129318,408.830960411749
0,0,0,0,0,0,0,0,38700,27106200,129330,367.922291808428
0,0,0,0,0,0,0,0,58800,37292400,129424,351.967271469146
0,0,0,0,0,0,0,0,177060,213074100,129445,424.633601942381
0,0,0,0,0,0,0,0,123300,213597000,129446,407.816933221322
0,0,0,0,0,0,0,0,25740,17352900,129479,419.027460582894
0,0,0,0,0,0,0,0,116580,105847200,129494,317.39316738068
0,0,0,0,0,0,0,0,79920,65457000,129514,300.898211552835
0,0,0,0,0,0,0,54.47125803,38460,21647700,132728,308.110212022576
0,0,0,0,0,0,0,182.97041609,38317.0820393,23836500,132636,275.958357284571
0,0,0,0,0,0,0,0,15540,5174100,132635,303.967562192584
0,0,0,0,0,0,0,0,41460,17312400,132647,270.968264756865
0,0,0,0,0,0,0,0,81360,65491200,132649,296.4482103086
0,0,0,0,0,0,0,0,18600,6606000,132663,238.232863382033
0,0,0,0,0,0,0,0,53580,40833000,132664,283.582711353432
0,0,0,0,0,0,0,0,19140,6960600,132682,275.63787036439
0,0,0,0,0,0,0,0,98160,150873300,132690,239.534476608595
0,0,0,0,0,0,0,0,24300,12650400,132695,277.358184546316
0,0,0,0,0,0,0,0,32234.1640786,15387300,132725,299.952088723219
0,0,0,0,0,0,0,279.04274267,31020,483300,136237,268.748730025478
0,0,0,0,0,0,0,0,23220,11650500,131616,285.465809611899
0,0,0,0,0,0,0,49.85894342,18240,6622200,129732,451.569057019776
0,0,0,0,0,0,0,0,8700,2043000,131631,191.349950056034
0,0,0,0,0,0,0,0,24420,13410000,131632,201.994739274403
0,0,0,0,0,0,0,0,25140,13098600,131646,207.383015539188
0,0,0,0,0,0,0,0,24180,10441800,131652,237.599903964848
0,0,0,0,0,0,0,0,11520,3158100,131660,188.901854764298
0,0,0,0,0,0,0,0,67800,78658200,131665,208.474713906037
0,0,0,0,0,0,0,0,17640,6031800,131680,232.054207185103
0,0,0,0,0,0,0,0,24180,9599400,131684,233.25417721153
0,0,0,0,0,0,0,0,39000,12765600,132865,203.656251691118
0,0,0,0,0,0,0,0,37200,13962600,132871,221.718068707953
0,0,0,0,0,0,0,0,54180,18705600,132875,223.689356302462
0,0,0,0,0,0,0,356.23564109,45240,25336800,132889,221.260957182385
0,0,0,0,0,0,0,0,76020,91437300,132882,224.367881407764
0,0,0,0,0,0,0,0,46860,45553500,132891,278.640049276221
0,0,0,0,0,0,0,0,72180,110998800,132893,275.406388848499
0,0,0,0,0,0,0,0,415260,1441883700,132900,233.344391252945
0,0,0,0,0,0,0,0,24240,14350500,136366,331.897117444884
0,0,0,0,0,0,0,0,2700,229500,136370,235.729073917164
0,0,0,0,0,0,0,0,14340,4837500,132938,263.400545657136
0,0,0,0,0,0,0,23.42968843,33060,12068100,132990,276.103312644073
0,0,0,0,0,0,0,297.04377257,32820,19145700,132991,271.324239567742
0,0,0,0,0,0,0,0,81300,97398000,132996,257.436967475603
0,0,0,0,0,0,0,0,24900,9876600,133007,266.771670549189
0,0,0,0,0,0,0,0,105540,80296200,133011,262.189992567779
0,0,0,0,0,0,0,0,20940,6031800,133013,268.047886811168
0,0,0,0,0,0,0,0,4740,705600,133017,250.581431447243
0,0,0,0,0,0,0,0,5100,466200,133027,250.665626849907
0,0,0,0,0,0,0,0,84600,69509700,133034,264.917040000202
0,0,0,0,0,0,0,0,52740,36893700,133037,260.523693995655
0,0,0,0,0,0,0,0,31440,16417800,133039,276.541338189206
0,0,0,0,0,0,0,0,113940,120532500,133040,265.696909791847
0,0,0,0,0,0,0,0,175080,312401700,133044,217.699197263569
0,0,0,0,0,0,0,0,19260,9394200,133045,208.826674543775
0,0,0,0,0,0,0,0,13860,3787200,133461,235.000577433481
0,0,0,0,0,0,0,0,27540,9887400,133493,226.789731592205
0,0,0,0,0,0,0,0,33420,16038000,133522,213.435666141873
0,0,0,0,0,0,0,0,139980,83414700,133539,234.315536760596
0,0,0,0,0,0,0,0,143280,114944400,133557,206.196667975598
0,0,0,0,0,0,0,0,101400,136205100,133559,201.447412318876
0,0,0,0,0,0,0,0,150780,123228900,133561,196.792540352477
0,0,0,0,0,0,0,0,48840,30672000,133615,215.956892493522
0,0,0,0,0,0,0,0,24540,10268100,133632,198.120854186076
0,0,0,0,0,0,0,58.37793112,30420,513900,133735,164.886161523609
0,0,0,0,0,0,0,0,52920,22600800,136244,250.881459529325
0,0,0,0,0,0,0,148.07800158,147359.912627,170262898.687,133077,264.800379122783
0,0,0,0,0,0,0,79.79799333,211943.109888,320785200,133081,269.620102679746
0,0,0,0,0,0,0,0,15540,5564700,133054,255.20689185283
0,0,0,0,0,0,0,0,60900,54973800,133055,269.874648840265
0,0,0,0,0,0,0,0,73140,52254000,133076,277.315939125531
0,0,0,0,0,0,0,0,44487.9031979,42414300,133078,252.033209090201
0,0,0,0,0,0,0,0,19860,7207200,133080,276.69712002818
0,0,0,0,0,0,0,0,83580,86661000,133083,254.367774896029
0,0,0,0,0,0,0,0,5580,325800,133085,250.18177727968
0,0,0,0,0,0,0,0,106200,112104900,133086,260.82876118656
0,0,0,0,0,0,0,0,21240,8715600,133087,251.008807228401
0,0,0,0,0,0,0,0,210087.903198,135158400,133089,258.967904410956
0,0,0,0,0,0,0,0,22740,7965000,133090,250.92983663268
0,0,0,0,0,0,0,0,90120,89991900,133091,258.17143069244
0,0,0,0,0,0,0,0,12600,2088000,133092,245.958956350129
0,0,0,0,0,0,0,0,15960,3007800,133669,199.422493948899
0,0,0,0,0,0,0,203.30276351,24660,409500,133700,163.842595194722
0,0,0,0,0,0,0,68.82077821,22200,370800,133702,175.525499769785
0,0,0,0,0,0,0,29.32614604,2940,47700,133735,162.70392680618
0,0,0,0,0,0,0,0,23640,6039900,133750,191.24987900742
0,0,0,0,0,0,0,0,19080,3804300,133781,188.842775819994
0,0,0,0,0,0,0,310.02442268,77460,1233900,134029,125.828300832224
0,0,0,0,0,0,0,267.45897456,31080,507600,134090,124.705638993716
0,0,0,0,0,0,0,45.1923485,156275.340277,209380562.689,133113,259.03419115849
0,0,0,0,0,0,0,0,18780,7548300,133093,259.599918709787
0,0,0,0,0,0,0,0,21840,8162100,133094,258.214490822571
0,0,0,0,0,0,0,0,14640,2088900,133095,264.148229977839
0,0,0,0,0,0,0,42.84204432,21960,7809300,133098,250.063267617151
0,0,0,0,0,0,0,0,49200,25518600,133100,262.692300482093
0,0,0,0,0,0,0,0,269580,420848100,133103,233.099141111896
0,0,0,0,0,0,0,0,13440,4572900,133114,255.648362377266
0,0,0,0,0,0,0,0,43200,18336600,134134,205.235112779003
0,0,0,0,0,0,0,0,5040,573300,134135,193.758341982376
0,0,0,0,0,0,0,0,56820,38209500,136346,217.766850172764
0,0,0,0,0,0,0,0,13800,3508200,132727,301.13072430849
0,0,0,0,0,0,0,0,7810.69900563,942121.524886,134892,235.794537169885
0,0,0,0,0,0,0,0,5975.34027724,1084437.31107,133082,249.859328983038
0,0,0,0,0,0,0,0,21960,7429500,126155,177.996825395534
0,0,0,0,0,0,0,0,2580,229500,126219,125.881932875689
0,0,0,0,0,0,0,0,2820,195300,126231,125.816451323197
0,0,0,0,0,0,0,0,23040,7243200,126232,132.657650028024
0,0,0,0,0,0,0,0,21420,6598800,126303,119.38442060301
0,0,0,0,0,0,0,0,8280,1927800,126307,106.163753114161
0,0,0,0,0,0,0,0,15780,5361300,126317,107.823721913377
0,0,0,0,0,0,0,0,2280,209700,129016,28.829288662759
0,0,0,0,0,0,0,97.01649696,1492680,765505800,129036,NA
0,0,0,0,0,0,0,0,15540,3911400,129091,181.259624149412
0,0,0,0,0,0,0,22.43218174,328380,100216800,129298,NA
0,0,0,0,0,0,0,0,29640,12813300,129300,273.110727973473
0,0,0,0,0,0,0,0,15960,4368600,129301,305.889266917477
0,0,0,0,0,0,0,0,5280,854100,125250,324.911377146071
0,0,0,0,0,0,0,0,62460,24561900,125301,287.031769417762
0,0,0,0,0,0,0,0,12060,3070800,125366,278.458232866222
0,0,0,0,0,0,0,0,68700,34886700,125368,268.686840768982
0,0,0,0,0,0,0,133.01411324,182040,167616900,126367,143.463799615608
0,0,0,0,0,0,0,28.60677247,14820,1773000,126190,134.192764719852
0,0,0,0,0,0,0,105.87526041,55782.4264069,51888150,126485,140.130413182064
0,0,0,0,0,0,0,0,82680,69215400,126402,205.119798026122
0,0,0,0,0,0,0,0,60660,32115600,126416,174.244790416626
0,0,0,0,0,0,0,0,16320,5845500,126418,135.176277623459
0,0,0,0,0,0,0,0,135900,112655700,126453,100.756698580365
0,0,0,0,0,0,0,0,42120,19735200,126459,114.630357978901
0,0,0,0,0,0,0,0,198960,148385700,126477,161.56310171149
0,0,0,0,0,0,0,0,23400,8461800,126481,157.723921150381
0,0,0,0,0,0,0,0,141236.590486,109426050,126487,130.192683219321
0,0,0,0,0,0,0,0,13200,3997800,127036,444.894010726743
0,0,0,0,0,0,0,0,96060,77431500,127053,368.315144915057
0,0,0,0,0,0,0,119.60827869,484860,216793800,129063,NA
0,0,0,0,0,0,0,0,144000,113973300,129147,180.796913859482
0,0,0,0,0,0,0,0,16800,5110200,125374,472.910949545791
0,0,0,0,0,0,0,0,10800,3443400,125394,304.321061863678
0,0,0,0,0,0,0,0,18660,7577100,125430,410.737478245124
0,0,0,0,0,0,0,0,83460,60418800,125484,394.058159612771
0,0,0,0,0,0,0,0,14700,3600000,125505,416.884500656128
0,0,0,0,0,0,0,0,47640,31556700,125577,307.072671847448
0,0,0,0,0,0,0,0,15720,5612400,125588,404.380556430779
0,0,0,0,0,0,0,0,7440,1370700,125611,286.643534489392
0,0,0,0,0,0,0,0,29280,15265800,125621,288.005266889229
0,0,0,0,0,0,0,0,35160,19130400,125665,308.583343581953
0,0,0,0,0,0,0,0,151980,148032000,127090,398.79312412659
0,0,0,0,0,0,0,0,128940,143682300,127102,364.143404370793
0,0,0,0,0,0,0,0,21480,9044100,127103,418.128250369575
0,0,0,0,0,0,0,0,49920,32227200,127139,456.551498634673
0,0,0,0,0,0,0,0,24300,12693600,129258,282.811307266634
0,0,0,0,0,0,0,0,46260,24776100,125773,295.37486630975
0,0,0,0,0,0,0,202.45646525,51822.4264069,32233950,129261,254.947683107279
0,0,0,0,0,0,0,0,65220,40658400,125809,273.516124940159
0,0,0,0,0,0,0,0,115740,80503200,125824,261.557165544026
0,0,0,0,0,0,0,154.54790611,12000,203400,125833,288.774377468413
0,0,0,0,0,0,0,0,48840,29480400,125848,337.893702087886
0,0,0,0,0,0,0,0,137160,115688700,125849,345.37401335798
0,0,0,0,0,0,0,0,38460,29883600,125850,358.403970846831
0,0,0,0,0,0,0,0,92460,67970700,125851,295.304270815432
0,0,0,0,0,0,0,0,101820,116369100,125852,390.898209914995
0,0,0,0,0,0,0,0,8040,1949400,127216,179.035738901858
0,0,0,0,0,0,0,0,82500,77097600,127234,214.384073385344
0,0,0,0,0,0,0,0,55740,59851800,127365,141.855076130317
0,0,0,0,0,0,0,0,7620,849600,127368,114.027226189435
0,0,0,0,0,0,0,0,50682.4264069,31861350,129260,263.646854079319
0,0,0,0,0,0,0,0,16800,5675400,125863,292.036379830179
0,0,0,0,0,0,0,95.15679624,820080,425299500,127236,NA
0,0,0,0,0,0,0,0,27180,13235400,127567,335.753366222098
0,0,0,0,0,0,0,0,6840,852300,127572,292.213183828996
0,0,0,0,0,0,0,0,68580,34172100,127681,227.24775352277
0,0,0,0,0,0,0,0,114060,81917100,127797,149.934556836181
0,0,0,0,0,0,0,0,23940,6777000,127801,210.248034556517
0,0,0,0,0,0,0,0,11160,2856600,127817,410.57514480562
0,0,0,0,0,0,0,0,14940,4885200,127821,406.236907975851
0,0,0,0,0,0,0,0,255240,318763800,127822,261.644061156964
0,0,0,0,0,0,0,0,107100,118008000,127831,174.169327522246
0,0,0,0,0,0,0,0,101580,113384700,127835,188.032572047634
0,0,0,0,0,0,0,0,18000,6899400,127839,185.985223540743
0,0,0,0,0,0,0,0,44040,37777500,127841,175.767022926099
0,0,0,0,0,0,0,0,86820,79494300,127856,327.427288999143
0,0,0,0,0,0,0,0,83580,79553700,127862,304.199656868303
0,0,0,0,0,0,0,0,6720,841500,129169,81.4878336697339
0,0,0,0,0,0,0,0,16920,4459500,129171,88.8468630454858
0,0,0,0,0,0,0,0,15900,6626700,129172,96.6369485540374
0,0,0,0,0,0,0,133.90113257,569460,193555800,129172,NA
0,0,0,0,0,0,0,0,76020,7334100,125911,257.661700128996
0,0,0,0,0,0,0,93.31924832,856500,290922300,127361,NA
0,0,0,0,0,0,0,94.73873455,207060,52706700,127368,NA
0,0,0,0,0,0,0,122.28092039,281220,145631700,127500,NA
0,0,0,0,0,0,0,0,58800,36791100,127921,349.281021364145
0,0,0,0,0,0,0,0,34620,19541700,127939,149.80429727402
0,0,0,0,0,0,0,697.83033461,278880,45424800,127979,NA
0,0,0,0,0,0,0,50.69899999,83640,11661300,127980,NA
0,0,0,0,0,0,0,151.38075,73938.1665383,57096000,129295,182.710180416081
0,0,0,0,0,0,0,0,22560,7957800,129240,165.099028193231
0,0,0,0,0,0,0,0,52860,38839500,129266,270.895572231429
0,0,0,0,0,0,0,279.31528625,40860,683100,125960,237.822107086383
0,0,0,0,0,0,0,0,11759.9220017,2643298.8285,126585,207.981902504682
0,0,0,0,0,0,0,0,14760,4739400,126628,206.627905533063
0,0,0,0,0,0,0,0,44220,21182400,126640,198.448350315755
0,0,0,0,0,0,0,0,22980,5915700,126660,176.242405619666
0,0,0,0,0,0,0,0,48300,18751500,126679,185.297437775046
0,0,0,0,0,0,0,10.27821414,6660,1160100,126696,177.330008921834
0,0,0,0,0,0,0,257.99626099,14160,230400,126723,178.941138744354
0,0,0,0,0,0,0,0,21720,7898400,126763,156.449236472519
0,0,0,0,0,0,0,39.336,25320,8253900,126780,155.667643641791
0,0,0,0,0,0,0,0,12540,2960100,126800,164.055396117422
0,0,0,0,0,0,0,0,170220,106146000,126638,175.145650179821
0,0,0,0,0,0,0,0,30780,8178300,126896,119.884692225136
0,0,0,0,0,0,0,0,51780,24972300,126899,120.098864643862
0,0,0,0,0,0,0,0,31814.1640786,14703300,126900,101.624194050226
0,0,0,0,0,0,0,64.38669278,36974.1640786,21091500,126916,109.788787847331
0,0,0,0,0,0,0,0,77520,41211900,126934,133.231252368177
0,0,0,0,0,0,0,0,80640,54158400,126935,143.671307446252
0,0,0,0,0,0,0,0,142319.922002,83856601.1715,126936,211.386157364975
0,0,0,0,0,0,0,80.29053233,34020,5762700,126939,181.348787273483
0,0,0,0,0,0,0,0,45677.7697876,35186366.2755,126479,127.557094705697
0,0,0,0,0,0,0,0,9360,2643300,126010,138.521060298079
0,0,0,0,0,0,0,0,10620,2120400,101805,363.163874744357
0,0,0,0,0,0,0,0,28740,15111000,105954,378.124253106358
0,0,0,0,0,0,0,0,2940,317700,106374,450.181806785864
0,0,0,0,0,0,0,302.60663627,45600,736200,106387,470.822677910765
0,0,0,0,0,0,0,149.4687794,67892.4828759,55764000,125157,NA
0,0,0,0,0,0,0,0,8640,1995300,125148,NA
0,0,0,0,0,0,0,0,39060,13436100,125150,NA
0,0,0,0,0,0,0,0,6120,1155600,125151,NA
0,0,0,0,0,0,0,93.16951147,60840,40481100,125152,NA
0,0,0,0,0,0,0,0,17220,4489200,125153,NA
0,0,0,0,0,0,0,0,29040,12495600,125154,NA
0,0,0,0,0,0,0,90.84465597,120840,83922300,125155,NA
0,0,0,0,0,0,0,0,120360,71673300,125156,NA
0,0,0,0,0,0,0,0,22680,10035900,125158,NA
0,0,0,0,0,0,0,59.97778422,106020,50488200,125159,NA
0,0,0,0,0,0,0,0,7680,1580400,125160,NA
0,0,0,0,0,0,0,0,20760,7812900,125163,375.657706417228
0,0,0,0,0,0,0,0,27300,7490700,125168,NA
0,0,0,0,0,0,0,101.096175,18780,4778100,125170,354.226704626035
0,0,0,0,0,0,0,0,28980,16870500,106686,471.219547979722
0,0,0,0,0,0,0,97.99461065,30540,495900,106766,472.538443785181
0,0,0,0,0,0,0,0,444360,652663800,106832,463.958863957729
0,0,0,0,0,0,0,0,210300,319898700,106878,474.727826295464
0,0,0,0,0,0,0,0,129420,109186200,106887,460.938683449279
0,0,0,0,0,0,0,0,67920,46819800,106903,464.777299381541
0,0,0,0,0,0,0,0,13080,2950200,106956,461.288011142435
0,0,0,0,0,0,0,0,29760,13323600,106957,461.118518768533
0,0,0,0,0,0,0,0,29340,20590200,106973,481.039291964762
0,0,0,0,0,0,0,0,12480,4389300,106999,469.866973601625
0,0,0,0,0,0,0,119.03881179,50220,805500,107089,458.192687545009
0,0,0,0,0,0,0,0,43800,33606000,107255,450.360266183568
0,0,0,0,0,0,0,144.70644096,18600,298800,107257,454.380558059876
0,0,0,0,0,0,0,0,16560,7508700,107287,482.109775814353
0,0,0,0,0,0,0,0,41760,23502600,107347,479.101298490345
0,0,0,0,0,0,0,0,12540,4391100,107413,490.603004525934
0,0,0,0,0,0,0,0,54660,33608700,107429,473.444702299623
0,0,0,0,0,0,0,0,5460,636300,107479,455.855831335087
0,0,0,0,0,0,0,0,68640,24856200,107675,NA
0,0,0,0,0,0,0,0,159960,181725300,107705,453.170265177615
0,0,0,0,0,0,0,0,35340,18076500,107709,486.27822307561
0,0,0,0,0,0,0,185.40692896,18240,287100,107713,467.262397694363
0,0,0,0,0,0,0,335.86668344,16920,261900,107718,462.009757759645
0,0,0,0,0,0,0,0,11640,2218500,107723,480.555324853119
0,0,0,0,0,0,0,0,15120,5373900,107724,482.054219861942
0,0,0,0,0,0,0,174.3653849,13020,199800,107725,467.477907747836
0,0,0,0,0,0,0,0,51300,37937700,107735,450.818086898124
0,0,0,0,0,0,0,0,162420,180186300,107736,465.238419447582
0,0,0,0,0,0,0,184.99841576,23340,368100,107737,449.902142662291
0,0,0,0,0,0,0,0,5040,770400,115822,NA
0,0,0,0,0,0,0,0,48480,34305300,116033,NA
0,0,0,0,0,0,0,0,18900,5591700,116799,NA
0,0,0,0,0,0,0,0,14760,2268900,117019,NA
0,0,0,0,0,0,0,0,12300,2672100,122390,NA
0,0,0,0,0,0,0,0,35820,17311500,122400,NA
0,0,0,0,0,0,0,0,11160,1230300,117338,NA
0,0,0,0,0,0,0,0,7680,1264500,122432,NA
0,0,0,0,0,0,0,0,44340,23765400,122451,NA
0,0,0,0,0,0,0,0,17160,4181400,122464,NA
0,0,0,0,0,0,0,0,131700,33087600,122478,NA
0,0,0,0,0,0,0,0,115260,102456900,125121,NA
0,0,0,0,0,0,0,0,30600,11496600,122544,NA
0,0,0,0,0,0,0,0,20520,8928900,107782,441.6413599627
0,0,0,0,0,0,0,0,5160,648900,107791,481.919853221031
0,0,0,0,0,0,0,156.4118142,50896.1554505,35956663.7217,118011,NA
0,0,0,0,0,0,0,0,310380,291285900,118004,NA
0,0,0,0,0,0,0,0,333480,353058300,118006,NA
0,0,0,0,0,0,0,0,9480,2736000,101479,362.575591649507
0,0,0,0,0,0,0,0,51120,25088400,107949,387.631991528321
0,0,0,0,0,0,0,0,51240,36898200,108019,393.932209598666
0,0,0,0,0,0,0,0,7500,2070000,108034,396.228731039296
0,0,0,0,0,0,0,0,13320,4273200,108170,403.518953980572
0,0,0,0,0,0,0,0,10320,2349900,101578,347.984189603668
0,0,0,0,0,0,0,0,8880,2456100,108342,456.070769167768
0,0,0,0,0,0,0,0,104520,83138400,101610,342.582559574504
0,0,0,0,0,0,0,0,9660,2103300,108663,418.638459845083
0,0,0,0,0,0,0,0,10980,2650500,108864,381.267342626704
0,0,0,0,0,0,0,0,8100,2014200,108947,439.309262354956
0,0,0,0,0,0,0,0,5160,622800,109081,437.310053522187
0,0,0,0,0,0,0,0,138660,120469500,101673,353.260631026735
0,0,0,0,0,0,0,0,30300,11311200,101700,374.358289535299
0,0,0,0,0,0,0,0,48420,21712500,101775,461.374069935536
0,0,0,0,0,0,0,0,59400,42885900,101783,362.204066258279
0,0,0,0,0,0,0,97.3453,8040,944100,101805,374.971069190477
0,0,0,0,0,0,0,0,13920,2778300,101817,426.84541243197
0,0,0,0,0,0,0,0,49020,24750000,101877,372.098981222258
0,0,0,0,0,0,0,0,9660,2296800,101922,383.702062397541
0,0,0,0,0,0,0,0,48720,32160600,109268,442.939322555472
0,0,0,0,0,0,0,0,36420,21783600,101977,384.850808818957
0,0,0,0,0,0,0,0,28380,9580500,102028,366.317245189547
0,0,0,0,0,0,0,0,34680,15181200,102221,403.496684430136
0,0,0,0,0,0,0,0,61800,47473200,102234,372.731707881234
0,0,0,0,0,0,0,0,59820,41597100,109274,479.935790961484
0,0,0,0,0,0,0,0,158220,179460000,109276,431.90168915836
0,0,0,0,0,0,0,0,63180,63627300,109290,443.799824412534
0,0,0,0,0,0,0,0,11460,4727700,109326,454.730791156913
0,0,0,0,0,0,0,0,23940,14962500,109361,438.139558004508
0,0,0,0,0,0,0,0,14820,5581800,109365,443.051073135233
0,0,0,0,0,0,0,0,13140,4325400,109393,450.406164543161
0,0,0,0,0,0,0,0,48180,29812500,109395,444.753081720777
0,0,0,0,0,0,0,0,72960,73557000,109409,437.346736716877
0,0,0,0,0,0,0,0,5460,996300,109415,447.892060098071
0,0,0,0,0,0,0,129.77915649,236037.712911,408271470.774,102524,372.74049249449
0,0,0,0,0,0,0,0,83880,61904700,102311,366.036996246149
0,0,0,0,0,0,0,0,139260,131438700,102334,371.118721770652
0,0,0,0,0,0,0,0,14040,4363200,102338,372.871935167722
0,0,0,0,0,0,0,0,60300,29706300,102426,383.120388871331
0,0,0,0,0,0,0,0,67980,58512600,102438,360.912984488404
0,0,0,0,0,0,0,0,31980,14631300,102440,379.385031886504
0,0,0,0,0,0,0,0,79500,65766600,102470,378.030496523943
0,0,0,0,0,0,0,0,11040,2375100,102495,370.873083255561
0,0,0,0,0,0,0,0,71520,76149900,109428,383.110934987424
0,0,0,0,0,0,0,0,51420,42740100,109429,411.380270605969
0,0,0,0,0,0,0,0,35160,28483200,109431,406.447505459152
0,0,0,0,0,0,0,0,23820,11416500,109437,451.729261937967
0,0,0,0,0,0,0,0,87600,65343600,109464,445.59230691795
0,0,0,0,0,0,0,0,182700,199854900,109472,426.864655686902
0,0,0,0,0,0,0,0,60060,53784000,109480,415.133455661534
0,0,0,0,0,0,0,0,28620,9682200,109483,444.59264579868
0,0,0,0,0,0,0,0,42000,32287500,109490,439.19692771481
0,0,0,0,0,0,0,0,63900,48750300,109510,389.22342150051
0,0,0,0,0,0,0,0,77100,80171100,109516,422.453196100794
0,0,0,0,0,0,0,0,127560,80235900,109533,441.605201526156
0,0,0,0,0,0,0,0,8100,2042100,109573,422.98510127532
0,0,0,0,0,0,0,0,33720,18356400,109599,398.990639150363
0,0,0,0,0,0,0,0,9120,2523600,109614,445.526372324553
0,0,0,0,0,0,0,0,91740,53931600,109621,443.70189404677
0,0,0,0,0,0,0,0,35160,24822900,109623,428.394492412866
0,0,0,0,0,0,0,0,10980,2396700,109629,444.337616379351
0,0,0,0,0,0,0,0,80100,48289500,109672,406.654336574293
0,0,0,0,0,0,0,0,66720,62665200,109673,404.728885064856
0,0,0,0,0,0,0,0,108240,104204700,125030,381.241410624252
0,0,0,0,0,0,0,0,75300,55671300,102546,357.671570645657
0,0,0,0,0,0,0,0,6240,979200,102587,349.14450785693
0,0,0,0,0,0,0,0,61200,51246900,109688,440.735052209824
0,0,0,0,0,0,0,0,23460,11489400,109709,438.339458551038
0,0,0,0,0,0,0,0,28140,15484500,109727,418.953313699915
0,0,0,0,0,0,0,0,25380,16638300,109732,423.015060532929
0,0,0,0,0,0,0,0,20760,6618600,109751,444.825983723383
0,0,0,0,0,0,0,0,17460,4828500,109771,426.922016455943
0,0,0,0,0,0,0,0,142200,137550600,109774,420.179192701859
0,0,0,0,0,0,0,0,139500,88473600,109784,395.470612613484
0,0,0,0,0,0,0,0,43680,17811000,109786,426.935961019664
0,0,0,0,0,0,0,0,80940,65952900,109835,388.202895071845
0,0,0,0,0,0,0,0,58620,35790300,109852,396.884388470035
0,0,0,0,0,0,0,0,23520,9195300,109860,395.937534791891
0,0,0,0,0,0,0,0,38700,18817200,109873,380.021028924814
0,0,0,0,0,0,0,0,53940,50553900,109900,387.201939232018
0,0,0,0,0,0,0,0,19620,8120700,109901,403.330521013762
0,0,0,0,0,0,0,126.33904003,70313.3333486,59766022.176,109921,372.805230806826
0,0,0,0,0,0,0,0,47700,31546800,109931,434.496803193145
0,0,0,0,0,0,0,0,48780,20844900,109937,410.795287145153
0,0,0,0,0,0,0,0,52560,34963200,109953,390.131501040703
0,0,0,0,0,0,0,0,209820,197766000,109961,371.561151961608
0,0,0,0,0,0,0,0,14400,4114800,109964,373.884299537746
0,0,0,0,0,0,0,0,58020,31298400,109980,419.725027863174
0,0,0,0,0,0,0,0,121874.164079,81429300,109991,435.526781911123
0,0,0,0,0,0,0,0,125100,83953800,109995,434.097844521884
0,0,0,0,0,0,0,0,35820,21445200,110001,441.190044992857
0,0,0,0,0,0,0,0,38640,26228700,110003,430.171719334488
0,0,0,0,0,0,0,51.5997902,10980,2322900,110014,446.719203258753
0,0,0,0,0,0,0,0,49380,22062600,110024,450.455610989999
0,0,0,0,0,0,0,0,5400,831600,110054,371.370985782508
0,0,0,0,0,0,0,0,28440,12303000,110091,463.813914339056
0,0,0,0,0,0,0,0,37020,19613700,110100,457.769723159397
0,0,0,0,0,0,0,0,50880,31492800,125033,352.285541607683
0,0,0,0,0,0,0,0,27120,14946300,125037,369.815809877316
0,0,0,0,0,0,0,0,280919.690075,212184984.14,102595,386.560583222686
0,0,0,0,0,0,0,0,223560,160703100,102599,353.802697393756
0,0,0,0,0,0,0,0,468720,713002500,102603,346.346031015207
0,0,0,0,0,0,0,0,17340,6694200,102682,NA
0,0,0,0,0,0,0,43.24937499,43717.0820393,25865100,110154,384.361435957527
0,0,0,0,0,0,0,0,4800,746100,110283,NA
0,0,0,0,0,0,0,0,10500,2485800,110487,NA
0,0,0,0,0,0,0,0,16500,2876400,102731,NA
0,0,0,0,0,0,0,0,14520,3790800,102814,NA
0,0,0,0,0,0,0,0,3060,369900,102821,NA
0,0,0,0,0,0,0,0,3540,420300,102842,NA
0,0,0,0,0,0,0,0,18360,5168700,102897,NA
0,0,0,0,0,0,0,0,3660,404100,102902,NA
0,0,0,0,0,0,0,0,6360,1174500,102914,NA
0,0,0,0,0,0,0,0,11400,2649600,102924,NA
0,0,0,0,0,0,0,97.77565329,8520,866700,102928,NA
0,0,0,0,0,0,0,0,93360,77702400,110519,NA
0,0,0,0,0,0,0,0,12334.1724656,4168337.0685,110584,NA
0,0,0,0,0,0,0,0,8032.30676287,1457544.6075,110586,NA
0,0,0,0,0,0,0,0,25440,9299700,110658,NA
0,0,0,0,0,0,0,0,36380.5849084,25251956.742,110672,NA
0,0,0,0,0,0,0,0,10620,2742300,110740,NA
0,0,0,0,0,0,0,0,6780,1141200,110774,NA
0,0,0,0,0,0,0,0,2880,263700,102948,NA
0,0,0,0,0,0,0,0,22620,9091800,103007,NA
0,0,0,0,0,0,0,0,21840,6152400,103082,NA
0,0,0,0,0,0,0,0,73860,42616800,110825,NA
0,0,0,0,0,0,0,0,63900,47642400,110918,390.073123792373
0,0,0,0,0,0,0,0,251340,180451800,110966,458.662943295823
0,0,0,0,0,0,0,0,46380,44835300,103274,NA
0,0,0,0,0,0,0,0,112620,96223500,103321,NA
0,0,0,0,0,0,0,0,53520,20215800,103332,NA
0,0,0,0,0,0,0,0,18840,5125500,103342,NA
0,0,0,0,0,0,0,0,3000,314100,103344,NA
0,0,0,0,0,0,0,413.0569179,47100,13241700,103347,NA
0,0,0,0,0,0,0,0,50940,33540300,103351,NA
0,0,0,0,0,0,0,0,23880,15215400,103360,NA
0,0,0,0,0,0,0,0,11340,3742200,103380,NA
0,0,0,0,0,0,0,0,12360,3117600,111609,432.692921310319
0,0,0,0,0,0,0,0,553740,589437000,111691,NA
0,0,0,0,0,0,0,0,14520,6084900,111730,NA
0,0,0,0,0,0,0,0,81720,59285700,111761,NA
0,0,0,0,0,0,0,0,17580,7342200,111795,NA
0,0,0,0,0,0,0,0,42480,26554500,111798,NA
0,0,0,0,0,0,0,0,66480,27411300,111804,NA
0,0,0,0,0,0,0,0,79260,71087400,111816,NA
0,0,0,0,0,0,0,0,123338.565182,118034823.836,111818,NA
0,0,0,0,0,0,0,0,132960,154717200,125047,NA
0,0,0,0,0,0,0,0,395340,680133600,103387,NA
0,0,0,0,0,0,0,0,17520,6965100,103411,NA
0,0,0,0,0,0,0,0,73980,58067100,103413,NA
0,0,0,0,0,0,0,0,54300,59345100,103415,NA
0,0,0,0,0,0,0,0,6360,1490400,103430,NA
0,0,0,0,0,0,0,0,53386.6916174,31910789.3919,103460,NA
0,0,0,0,0,0,0,0,24060,10008900,103466,NA
0,0,0,0,0,0,0,0,25740,12837600,103468,NA
0,0,0,0,0,0,0,0,55500,32504400,103473,NA
0,0,0,0,0,0,0,0,13759.8061262,3625427.64807,103469,NA
0,0,0,0,0,0,0,0,31080,14184000,103492,NA
0,0,0,0,0,0,0,0,20100,8191800,103521,NA
0,0,0,0,0,0,0,0,7200,1628100,103522,NA
0,0,0,0,0,0,0,0,34560,17214300,103542,NA
0,0,0,0,0,0,0,0,8220,1979100,103558,386.152959264154
0,0,0,0,0,0,0,69.71820768,383605.292852,421560687.142,111997,NA
0,0,0,0,0,0,0,0,101770.770918,113224568.698,111821,NA
0,0,0,0,0,0,0,0,20520,6820200,111839,NA
0,0,0,0,0,0,0,0,35890.770918,16864131.302,111865,NA
0,0,0,0,0,0,0,0,89580,89415900,111879,NA
0,0,0,0,0,0,0,0,37140,29816100,111880,NA
0,0,0,0,0,0,0,0,24480,12257100,111887,NA
0,0,0,0,0,0,0,0,50760,41328000,111896,NA
0,0,0,0,0,0,0,0,57900,39973500,111897,NA
0,0,0,0,0,0,0,0,34560,13986900,111917,NA
0,0,0,0,0,0,0,0,53880,32443200,111952,NA
0,0,0,0,0,0,0,0,90420,125248500,111962,NA
0,0,0,0,0,0,0,0,11520,3182400,111991,NA
0,0,0,0,0,0,0,0,8760,1231200,112002,414.240547514798
0,0,0,0,0,0,0,0,38160,22795200,112008,NA
0,0,0,0,0,0,0,0,9300,2575800,112034,420.85491311042
0,0,0,0,0,0,0,0,13800,2898000,112035,426.445273196771
0,0,0,0,0,0,0,0,17520,7462800,112041,428.158120710609
0,0,0,0,0,0,0,0,103560,86319000,112067,398.584214347591
0,0,0,0,0,0,0,0,20220,6952500,112098,479.914513255492
0,0,0,0,0,0,0,0,40800,25055100,112100,416.062355520824
0,0,0,0,0,0,0,0,40140,18188100,125048,NA
0,0,0,0,0,0,0,0,90440.5849084,89808543.258,111906,NA
0,0,0,0,0,0,0,0,129779.690075,119889815.86,103590,384.758225712828
0,0,0,0,0,0,0,58.4308198,193044.242945,247003040.129,125053,NA
0,0,0,0,0,0,0,0,14700,5281200,112113,422.48130224705
0,0,0,0,0,0,0,0,54060,23490000,112126,420.363264557703
0,0,0,0,0,0,0,0,56460,28624500,112146,465.556958517317
0,0,0,0,0,0,0,0,59820,40961700,112177,436.053072961672
0,0,0,0,0,0,0,0,72480,69003900,112203,NA
0,0,0,0,0,0,0,0,98373.0030178,96711281.0838,112204,NA
0,0,0,0,0,0,0,0,150060,167535000,112209,NA
0,0,0,0,0,0,0,0,134092.306763,148119755.393,112212,NA
0,0,0,0,0,0,0,0,38580,17814600,112213,NA
0,0,0,0,0,0,0,0,184869.816166,167638643.082,125054,NA
0,0,0,0,0,0,0,45.82883812,30264.8528137,10872900,112214,NA
0,0,0,0,0,0,0,0,27180,10655100,118129,NA
0,0,0,0,0,0,0,0,37620,17351100,118263,NA
0,0,0,0,0,0,0,0,24060,5831100,118554,NA
0,0,0,0,0,0,0,0,26040,8149500,118594,NA
0,0,0,0,0,0,0,0,36588.0330799,19318260.936,123099,NA
0,0,0,0,0,0,0,0,25380,10886400,118908,NA
0,0,0,0,0,0,0,0,15840,5517900,118937,NA
0,0,0,0,0,0,0,0,344820,111613500,118940,NA
0,0,0,0,0,0,0,0,44100,12582000,123556,NA
0,0,0,0,0,0,0,0,88620,103204800,119336,NA
0,0,0,0,0,0,0,0,17640,6190200,119436,NA
0,0,0,0,0,0,0,0,5520,950400,119813,NA
0,0,0,0,0,0,0,0,44040,39087000,119958,NA
0,0,0,0,0,0,0,0,40800,25079400,120000,NA
0,0,0,0,0,0,0,0,212460,233131500,120001,NA
0,0,0,0,0,0,0,78.93607146,116100,156527100,118908,NA
0,0,0,0,0,0,0,122.04868607,382500,213801300,119095,NA
0,0,0,0,0,0,0,0,16800,5907600,120048,NA
0,0,0,0,0,0,0,0,53220,29300400,120051,NA
0,0,0,0,0,0,0,0,256380,449780400,120063,NA
0,0,0,0,0,0,0,0,54840,59898600,120068,NA
0,0,0,0,0,0,0,0,338940,679981500,120075,NA
0,0,0,0,0,0,0,0,57780,55412100,120104,NA
0,0,0,0,0,0,0,0,49740,31066200,120113,NA
0,0,0,0,0,0,0,0,30180,7695900,120122,NA
0,0,0,0,0,0,0,105.86342277,589980,286475400,120123,NA
0,0,0,0,0,0,0,0,244080,105102900,120190,NA
0,0,0,0,0,0,0,0,19920,3968100,120193,NA
0,0,0,0,0,0,0,0,56880,36128700,120202,NA
0,0,0,0,0,0,0,0,209220,379082700,120206,NA
0,0,0,0,0,0,0,0,65460,42255900,120219,NA
0,0,0,0,0,0,0,0,116700,193605300,120224,NA
0,0,0,0,0,0,0,0,84060,97929900,120238,NA
0,0,0,0,0,0,0,0,47100,18067500,120261,NA
0,0,0,0,0,0,0,215.01835001,115800,43375500,120265,NA
0,0,0,0,0,0,0,242.16042866,54154.4892,43667078.634,120305,NA
0,0,0,0,0,0,0,0,28440,14680800,120293,NA
0,0,0,0,0,0,0,0,148260,209711700,120294,NA
0,0,0,0,0,0,0,0,36540,22219200,120296,NA
0,0,0,0,0,0,0,0,62520,70486200,120298,NA
0,0,0,0,0,0,0,0,69540,59384700,120304,NA
0,0,0,0,0,0,0,0,213660,208212300,120308,NA
0,0,0,0,0,0,0,0,29220,15658200,120320,NA
0,0,0,0,0,0,0,0,239399.866514,288449097.022,123478,NA
0,0,0,0,0,0,0,0,30900,18898200,123500,NA
0,0,0,0,0,0,0,107.5726,77688.0330799,49174439.064,123507,NA
0,0,0,0,0,0,0,0,73140,36423000,123522,NA
0,0,0,0,0,0,0,0,21600,7717500,123524,NA
0,0,0,0,0,0,0,0,54600,37788300,123539,NA
0,0,0,0,0,0,0,0,58440,42865200,123548,NA
0,0,0,0,0,0,0,291.53878796,59100,14993100,123552,NA
0,0,0,0,0,0,0,0,65760,48309300,123555,NA
0,0,0,0,0,0,0,0,73320,73444500,123557,NA
0,0,0,0,0,0,0,0,44640,19685700,123568,NA
0,0,0,0,0,0,0,0,6720,903600,123619,NA
0,0,0,0,0,0,0,0,43560,15744600,123623,NA
0,0,0,0,0,0,0,0,163080,137607300,125146,NA
0,0,0,0,0,0,0,0,91140,68865300,125147,NA
0,0,0,0,0,0,0,0,7020,1427400,120525,NA
0,0,0,0,0,0,0,0,35820,6392700,103631,NA
0,0,0,0,0,0,0,0,23700,9912600,120914,NA
0,0,0,0,0,0,0,0,8100,2011500,120924,NA
0,0,0,0,0,0,0,0,7740,1618200,120966,NA
0,0,0,0,0,0,0,0,31440,8946900,103968,NA
0,0,0,0,0,0,0,0,9660,1852200,104043,NA
0,0,0,0,0,0,0,0,25380,9680400,104112,NA
0,0,0,0,0,0,0,0,6960,1186200,104148,NA
0,0,0,0,0,0,0,0,24600,8190000,104264,NA
0,0,0,0,0,0,0,0,14160,4815900,104299,NA
0,0,0,0,0,0,0,0,11220,2915100,104306,NA
0,0,0,0,0,0,0,0,19860,7137000,104421,NA
0,0,0,0,0,0,0,0,11160,4110300,104423,NA
0,0,0,0,0,0,0,0,24600,11345400,104465,NA
0,0,0,0,0,0,0,0,18780,7257600,104847,NA
0,0,0,0,0,0,0,0,20400,6460200,104870,NA
0,0,0,0,0,0,0,0,3360,424800,104886,NA
0,0,0,0,0,0,0,131.13199187,64184.3662717,51733879.2234,105216,NA
0,0,0,0,0,0,0,0,9420,2790900,104964,334.824737509463
0,0,0,0,0,0,0,0,12720,3745800,105089,374.179868794358
0,0,0,0,0,0,0,0,25380,13486500,105120,NA
0,0,0,0,0,0,0,0,39720,29902500,105124,NA
0,0,0,0,0,0,0,0,32220,14125500,105133,NA
0,0,0,0,0,0,0,0,112358.911756,115605450,105154,NA
0,0,0,0,0,0,0,0,67027.9385713,45869522.475,105160,NA
0,0,0,0,0,0,0,0,99720,75818700,105161,NA
0,0,0,0,0,0,0,0,22380,9659700,105178,NA
0,0,0,0,0,0,0,0,34500,25077600,105217,NA
0,0,0,0,0,0,0,0,72120,73985400,105226,NA
0,0,0,0,0,0,0,0,52680,25813800,121057,NA
0,0,0,0,0,0,0,0,19020,7333200,121074,NA
0,0,0,0,0,0,0,0,46380,32806800,121089,NA
0,0,0,0,0,0,0,0,31440,11123100,121102,NA
0,0,0,0,0,0,0,0,67717.1893422,73330262.4465,121143,NA
0,0,0,0,0,0,0,0,16500,5720400,121184,NA
0,0,0,0,0,0,0,0,48900,32500800,121186,NA
0,0,0,0,0,0,0,0,55740,33642000,121196,NA
0,0,0,0,0,0,0,0,41760,23632200,125073,NA
0,0,0,0,0,0,0,0,115106.289387,122890500,125069,NA
0,0,0,0,0,0,0,0,66180,60512400,125075,NA
0,0,0,0,0,0,0,0,91800,79494300,125076,NA
0,0,0,0,0,0,0,0,239163.843706,311419350,121174,NA
0,0,0,0,0,0,0,0,28440,13342500,105269,NA
0,0,0,0,0,0,0,0,80040,70734600,105275,NA
0,0,0,0,0,0,0,0,9960,2436300,105276,NA
0,0,0,0,0,0,0,0,107100,58886100,105284,NA
0,0,0,0,0,0,0,0,45000,21274200,105329,NA
0,0,0,0,0,0,0,0,10860,3628800,105336,NA
0,0,0,0,0,0,0,0,58140,44068500,105350,NA
0,0,0,0,0,0,0,0,18300,6156900,105407,NA
0,0,0,0,0,0,0,0,53460,41726700,105426,NA
0,0,0,0,0,0,0,0,80340,51006600,105452,NA
0,0,0,0,0,0,0,0,14820,4524300,105490,NA
0,0,0,0,0,0,0,0,155118.166538,122268600,105517,NA
0,0,0,0,0,0,0,0,6300,1160100,105532,NA
0,0,0,0,0,0,0,0,22380,9097200,105546,NA
0,0,0,0,0,0,0,0,79200,43623000,105695,NA
0,0,0,0,0,0,0,0,14220,4122900,105731,NA
0,0,0,0,0,0,0,0,235560,226144800,105739,NA
0,0,0,0,0,0,0,0,47640,24755400,105810,NA
0,0,0,0,0,0,0,0,190260,162945900,105814,NA
0,0,0,0,0,0,0,0,41760,34054200,105828,NA
0,0,0,0,0,0,0,0,113160,80634600,105879,339.729400852081
0,0,0,0,0,0,0,0,52620,35626500,105881,334.259027498184
0,0,0,0,0,0,0,0,153120,228144600,105907,349.049164123194
0,0,0,0,0,0,0,0,153780,204071400,125079,NA
0,0,0,0,0,0,0,0,13920,4851900,124051,NA
0,0,0,0,0,0,0,0,49380,22508100,124255,NA
0,0,0,0,0,0,0,0,36558.0441153,26789400,124260,NA
0,0,0,0,0,0,0,0,24360,14915700,121210,NA
0,0,0,0,0,0,0,0,76680,19073700,124419,NA
0,0,0,0,0,0,0,66.99516969,12360,2049300,124484,NA
0,0,0,0,0,0,0,0,22500,8283600,124492,NA
0,0,0,0,0,0,0,0,18660,7449300,124766,NA
0,0,0,0,0,0,0,0,9960,2290500,105941,NA
0,0,0,0,0,0,0,0,37860,16200900,112393,NA
0,0,0,0,0,0,0,11.63380536,22260,9512100,112418,NA
0,0,0,0,0,0,0,0,41100,31060800,112575,NA
0,0,0,0,0,0,0,85.6631327,23820,5072400,112580,NA
0,0,0,0,0,0,0,0,36480,12865500,112701,NA
0,0,0,0,0,0,0,0,102720,38382300,112709,NA
0,0,0,0,0,0,0,0,8760,1697400,112757,NA
0,0,0,0,0,0,0,0,44760,6714900,112838,NA
0,0,0,0,0,0,0,0,40620,17470800,124999,NA
0,0,0,0,0,0,0,0,1525020,3212408700,112418,NA
0,0,0,0,0,0,0,257.46341291,22440,3195900,112633,NA
0,0,0,0,0,0,0,114.89295966,170700,55540800,112717,NA
0,0,0,0,0,0,0,0,52740,25934400,112776,NA
0,0,0,0,0,0,0,107.69855,20820,3370500,112797,NA
0,0,0,0,0,0,0,0,62880,48703500,112852,NA
0,0,0,0,0,0,0,0,41520,27989100,112872,NA
0,0,0,0,0,0,0,0,72780,69275700,112876,NA
0,0,0,0,0,0,0,0,148980,186378300,112878,NA
0,0,0,0,0,0,0,0,94800,58129200,112887,NA
0,0,0,0,0,0,0,0,18900,5327100,112911,NA
0,0,0,0,0,0,0,0,148980,188527500,112916,NA
0,0,0,0,0,0,0,0,371880,555987600,112932,NA
0,0,0,0,0,0,0,0,88500,63414000,112943,NA
0,0,0,0,0,0,0,0,15360,4886100,112967,NA
0,0,0,0,0,0,0,0,43320,24310800,112978,NA
0,0,0,0,0,0,0,80.129325,100592.132034,72908550,124920,NA
0,0,0,0,0,0,0,0,56700,27186300,124855,NA
0,0,0,0,0,0,0,0,44520,19391400,124864,NA
0,0,0,0,0,0,0,0,193980,221164200,124868,NA
0,0,0,0,0,0,0,0,126480,80642700,124871,NA
0,0,0,0,0,0,0,0,54180,26532900,124877,NA
0,0,0,0,0,0,0,0,61020,29927700,124894,NA
0,0,0,0,0,0,0,0,25380,14731200,124976,NA
0,0,0,0,0,0,0,0,50760,14166000,125096,NA
0,0,0,0,0,0,0,0,26700,15001200,125109,NA
0,0,0,0,0,0,0,0,4876.15545052,547336.278323,117115,NA
0,0,0,0,0,0,0,0,3877.18934221,452637.5535,121141,NA
0,0,0,0,0,0,0,0,28064.3662717,11017720.7766,103932,NA
0,0,0,0,0,0,0,0,14033.3333486,3598477.82396,108803,363.174467833892
0,0,0,0,0,0,0,0,12697.0820393,3492900,110019,384.568408497214
0,0,0,0,0,0,0,0,5373.00301776,933318.916187,111972,NA
0,0,0,0,0,0,0,0,10538.5651816,2399576.1645,110604,NA
0,0,0,0,0,0,0,0,6119.86651397,837902.9775,122834,NA
0,0,0,0,0,0,0,0,14859.2795926,5922916.7895,102811,NA
0,0,0,0,0,0,0,0,8772.25535842,1875237.30988,112651,NA
0,0,0,0,0,0,0,0,6214.4892,996321.366,120284,NA
0,0,0,0,0,0,0,0,19815.8794493,6192029.22627,102502,370.216890535302
0,0,0,0,0,0,0,0,27029.0268151,10602327.525,105163,NA
0,0,0,0,0,0,87663,0,79860,32988600,0,310.713215242476
0,0,0,0,0,0,87835,93.50255711,21360,376200,0,188.879692771218
0,0,0,0,0,0,101217,0,6720,978300,0,212.890841584964
0,0,0,0,0,0,101218,0,32700,14233500,0,211.044873288083
0,0,0,0,0,0,101220,0,19200,7400700,0,201.671339760351
0,0,0,0,0,0,101222,16.9075,6720,1053000,0,204.614483551286
0,0,0,0,0,0,101223,97.35585189,1227600,865899000,0,NA
0,0,0,0,0,0,88702,0,29700,10218600,0,321.038868514211
0,0,0,0,0,0,88933,0,52260,33935400,0,310.655903702052
0,0,0,0,0,0,88950,0,155640,87077700,0,349.234329596306
0,0,0,0,0,0,88966,0,3720,432000,0,275.96947406133
0,0,0,0,0,0,88968,0,8640,2370600,0,282.854295537973
0,0,0,0,0,0,88991,0,31080,17991000,0,302.504671062643
0,0,0,0,0,0,89084,0,115440,81858600,0,352.574470238013
0,0,0,0,0,0,88723,0,209737.082039,200862000,0,307.107264728074
0,0,0,0,0,0,88203,181.5310206,31080,2265300,0,325.842689547503
0,0,0,0,0,0,89366,95.38244959,155381.991559,185015214.397,0,308.552924286492
0,0,0,0,0,0,89118,0,15240,6498900,0,338.58887869974
0,0,0,0,0,0,89207,0,11160,3363300,0,392.229487418363
0,0,0,0,0,0,89278,0,13620,4548600,0,417.434039201574
0,0,0,0,0,0,89283,0,8640,1599300,0,406.177808015616
0,0,0,0,0,0,89286,0,16920,6563700,0,401.085601848485
0,0,0,0,0,0,89296,0,6420,1269000,0,408.19837449527
0,0,0,0,0,0,89306,0,19200,9603000,0,508.941193456387
0,0,0,0,0,0,89322,0,14580,6212700,0,489.527097124821
0,0,0,0,0,0,89327,0,31260,11585700,0,480.217186652726
0,0,0,0,0,0,89362,0,119880,118592100,0,307.689286735916
0,0,0,0,0,0,90308,44.04725421,13440,218700,0,447.525690023791
0,0,0,0,0,0,90314,22.89222245,151500,2527200,0,445.813697391086
0,0,0,0,0,0,90349,0,202680,327402000,0,448.64597075354
0,0,0,0,0,0,90354,0,171540,160909200,0,412.743958499814
0,0,0,0,0,0,90374,0,36300,16970400,0,422.256485048472
0,0,0,0,0,0,90387,0,389040,206318700,0,424.663836408113
0,0,0,0,0,0,90433,0,25140,10784700,0,417.284756676777
0,0,0,0,0,0,90472,0,101160,52546500,0,451.230137273225
0,0,0,0,0,0,90494,0,38400,23325300,0,415.033277759243
0,0,0,0,0,0,90495,0,36420,13372200,0,463.884152229485
0,0,0,0,0,0,90498,0,26640,12316500,0,462.62631408223
0,0,0,0,0,0,90505,0,25980,12489300,0,420.632268811214
0,0,0,0,0,0,90521,0,44640,24802200,0,415.279494420894
0,0,0,0,0,0,90525,0,31920,11450700,0,417.135785775131
0,0,0,0,0,0,90532,0,16440,5810400,0,418.176781357738
0,0,0,0,0,0,90538,0,8340,2047500,0,418.192195682735
0,0,0,0,0,0,90544,0,127740,46307700,0,417.067890659449
0,0,0,0,0,0,90548,0,283080,243054000,0,419.273979696432
0,0,0,0,0,0,90592,0,96407.0148,71751150,0,423.254512150477
0,0,0,0,0,0,90606,0,20040,6115500,0,417.560015267322
0,0,0,0,0,0,90660,57.6280541,18462.4264069,6251850,0,421.263812957847
0,0,0,0,0,0,90674,0,98640,47982600,0,426.232959405446
0,0,0,0,0,0,90702,0,21180,5130000,0,425.620572922021
0,0,0,0,0,0,90711,0,26100,14575500,0,429.420518244443
0,0,0,0,0,0,90717,0,19500,7105500,0,429.748754906005
0,0,0,0,0,0,90775,0,6240,1293300,0,368.001519953781
0,0,0,0,0,0,90817,39.85407746,14464.5883931,6025500,0,437.423630615416
0,0,0,0,0,0,90839,0,35520,16260300,0,436.864119933585
0,0,0,0,0,0,90995,0,5640,967500,0,412.215610919331
0,0,0,0,0,0,91316,0,16380,4572900,0,446.374134582508
0,0,0,0,0,0,91441,0,9240,1638900,0,467.54555620825
0,0,0,0,0,0,92664,0,17460,6427800,0,334.900165742668
0,0,0,0,0,0,92923,0,6180,803700,0,203.936925138365
0,0,0,0,0,0,93542,0,11040,3444300,0,418.979264792867
0,0,0,0,0,0,93551,0,216240,148396500,0,355.116705947432
0,0,0,0,0,0,93633,0,18660,7227000,0,469.677781245896
0,0,0,0,0,0,93671,0,14520,4833000,0,420.308134565584
0,0,0,0,0,0,93678,0,26760,11853000,0,418.201541601136
0,0,0,0,0,0,93684,0,84480,44022600,0,464.065317068067
0,0,0,0,0,0,93714,0,34140,14802300,0,440.347111034271
0,0,0,0,0,0,93717,0,102000,68064300,0,408.254311307322
0,0,0,0,0,0,93722,0,88560,72324900,0,432.849424927853
0,0,0,0,0,0,93729,0,59880,23880600,0,463.228156888765
0,0,0,0,0,0,93762,0,74760,48629700,0,432.391048297612
0,0,0,0,0,0,93786,0,115620,80397000,0,464.713804317462
0,0,0,0,0,0,93810,0,17820,4632300,0,451.63016739618
0,0,0,0,0,0,93899,0,17580,6822000,0,487.374797537207
0,0,0,0,0,0,93907,0,37560,24023700,0,431.568381813018
0,0,0,0,0,0,94005,0,38640,16845300,0,398.395872262526
0,0,0,0,0,0,94082,0,29100,11439000,0,310.375024610946
0,0,0,0,0,0,94115,0,157500,226721700,0,280.26297657253
0,0,0,0,0,0,94121,0,65520,48701700,0,289.442376379406
0,0,0,0,0,0,94178,0,6720,1237500,0,281.76527903054
0,0,0,0,0,0,94262,0,362520,314789400,0,372.083658444752
0,0,0,0,0,0,94267,0,82500,47370600,0,461.025638395216
0,0,0,0,0,0,94273,0,313260,237276900,0,317.432640252006
0,0,0,0,0,0,94281,0,12300,3051000,0,450.95629602843
0,0,0,0,0,0,94290,0,14340,3882600,0,442.551659164464
0,0,0,0,0,0,94302,0,17580,6327900,0,436.514932388568
0,0,0,0,0,0,94369,0,23700,10167300,0,423.478045310681
0,0,0,0,0,0,94377,0,57360,40509000,0,366.992072321058
0,0,0,0,0,0,94390,0,26820,13194900,0,405.019650297905
0,0,0,0,0,0,94407,0,23400,5654700,0,440.353673376059
0,0,0,0,0,0,94412,0,31320,18823500,0,380.415569913693
0,0,0,0,0,0,94440,0,73080,51393600,0,286.741506963191
0,0,0,0,0,0,94485,0,28260,17660700,0,306.743107840669
0,0,0,0,0,0,94487,0,20820,8429400,0,357.628599399431
0,0,0,0,0,0,94496,0,72000,44032500,0,342.532316538992
0,0,0,0,0,0,94586,0,256620,216414900,0,302.577744987475
0,0,0,0,0,0,94614,0,101880,82620900,0,278.391319462676
0,0,0,0,0,0,94624,0,20940,6983100,0,260.65591563999
0,0,0,0,0,0,94697,0,17520,5250600,0,234.854924808433
0,0,0,0,0,0,94707,0,64020,30783600,0,234.796877900171
0,0,0,0,0,0,94719,0,88620,54954000,0,210.549491757626
0,0,0,0,0,0,94734,0,23400,9018900,0,249.850524573446
0,0,0,0,0,0,94773,0,202560,1.89e+08,0,235.503230898096
0,0,0,0,0,0,94780,0,48720,24602400,0,212.323244216537
0,0,0,0,0,0,94808,0,6240,1312200,0,234.128120244449
0,0,0,0,0,0,94852,0,5100,773100,0,237.190132913823
0,0,0,0,0,0,94897,0,38280,19282500,0,229.953006807593
0,0,0,0,0,0,94902,0,10380,1955700,0,233.751311722188
0,0,0,0,0,0,94929,0,14940,4474800,0,227.959485828157
0,0,0,0,0,0,94950,0,13800,3869100,0,228.733815787919
0,0,0,0,0,0,94976,0,37380,14631300,0,229.561030659426
0,0,0,0,0,0,95231,0,149460,247257900,0,239.191481802986
0,0,0,0,0,0,95226,76.9621898,102360,182688300,0,227.562365053449
0,0,0,0,0,0,95258,0,18540,9378000,0,239.001499054483
0,0,0,0,0,0,95271,0,70080,39778200,0,332.062135717558
0,0,0,0,0,0,95482,0,18180,5791500,0,324.801628846685
0,0,0,0,0,0,95581,0,7980,1651500,0,305.666044546018
0,0,0,0,0,0,96135,131.41986454,386220,172209600,0,NA
0,0,0,0,0,0,97449,309.15296172,109860,11350800,0,207.777290493051
0,0,0,0,0,0,101223,7.3558519,12420,821700,0,180.298733981781
0,0,0,0,0,0,101225,73.51514531,7800,518400,0,248.943745560116
0,0,0,0,0,0,95774,0,15840,5394600,0,305.443314291057
0,0,0,0,0,0,95892,0,3300,293400,0,283.951266048876
0,0,0,0,0,0,96271,0,2880,224100,0,209.497759470499
0,0,0,0,0,0,96427,0,111240,71494200,0,395.526451829803
0,0,0,0,0,0,96441,0,5340,940500,0,385.723679304351
0,0,0,0,0,0,96554,0,28560,16437600,0,333.222770871377
0,0,0,0,0,0,96565,0,92580,70576200,0,358.861370691921
0,0,0,0,0,0,96590,0,16020,5510700,0,367.565099461687
0,0,0,0,0,0,96622,0,8460,2134800,0,407.682680319775
0,0,0,0,0,0,96647,0,56640,45663300,0,410.698347577411
0,0,0,0,0,0,96673,0,64800,37494000,0,346.946003232345
0,0,0,0,0,0,96702,0,24060,10265400,0,343.160134815991
0,0,0,0,0,0,96708,134.12402308,82920,42966000,0,312.014560443443
0,0,0,0,0,0,96739,0,18420,5757300,0,363.006412875229
0,0,0,0,0,0,96744,0,436500,467993700,0,307.82144104383
0,0,0,0,0,0,96753,0,12660,4155300,0,305.600503360913
0,0,0,0,0,0,96765,0,63420,27948600,0,344.214641543285
0,0,0,0,0,0,96784,0,83562.4264069,56852550,0,322.77848161991
0,0,0,0,0,0,96820,0,125340,99883800,0,313.110629249033
0,0,0,0,0,0,96840,0,32640,18913500,0,320.653147376654
0,0,0,0,0,0,96841,72.35403409,7362.42640687,1339650,0,308.851422086348
0,0,0,0,0,0,96844,0,16080,5982300,0,321.821632423131
0,0,0,0,0,0,96883,0,9360,1874700,0,305.467354117479
0,0,0,0,0,0,96897,0,146160,103619700,0,315.163047047352
0,0,0,0,0,0,96906,0,11640,2820600,0,308.341767350655
0,0,0,0,0,0,96921,0,18900,6762600,0,330.090544634879
0,0,0,0,0,0,96971,0,19020,6909300,0,323.603117803305
0,0,0,0,0,0,97000,0,44640,28318500,0,324.976096486446
0,0,0,0,0,0,97017,0,29520,17761500,0,338.873835660453
0,0,0,0,0,0,97029,0,79638.1665383,68197500,0,314.654383282737
0,0,0,0,0,0,97066,0,19380,7672500,0,323.521834473372
0,0,0,0,0,0,97112,0,48240,28602900,0,308.365603022082
0,0,0,0,0,0,97114,0,5280,1127700,0,320.414796553701
0,0,0,0,0,0,97147,0,84240,73857600,0,306.151322671419
0,0,0,0,0,0,97171,0,139038.166538,92655900,0,292.319151798681
0,0,0,0,0,0,97187,0,40620,24286500,0,307.718038821122
0,0,0,0,0,0,97242,0,15780,6361200,0,307.360233434257
0,0,0,0,0,0,97262,0,61860,51534900,0,299.382112544723
0,0,0,0,0,0,97267,0,26400,13474800,0,288.182473757736
0,0,0,0,0,0,97311,0,43500,20560500,0,267.753811958762
0,0,0,0,0,0,97361,0,31740,14022000,0,254.809477330846
0,0,0,0,0,0,97369,0,44700,27044100,0,251.448055005438
0,0,0,0,0,0,97404,0,196140,205116300,0,256.501691080317
0,0,0,0,0,0,97414,0,126600,150699600,0,222.328691271874
0,0,0,0,0,0,97434,0,108840,91466100,0,293.127535697166
0,0,0,0,0,0,97452,0,95700,108943200,0,266.096749528941
0,0,0,0,0,0,97458,0,117480,102661200,0,223.744592424046
0,0,0,0,0,0,97483,0,11940,3141900,0,201.229586275353
0,0,0,0,0,0,97504,0,35520,14092200,0,206.744696803866
0,0,0,0,0,0,97513,0,109800,113625900,0,282.138221692089
0,0,0,0,0,0,97515,0,38220,17082900,0,204.820106190014
0,0,0,0,0,0,97521,0,19500,6143400,0,200.46785579383
0,0,0,0,0,0,97564,0,90360,51604200,0,245.288401646025
0,0,0,0,0,0,97566,0,28380,12000600,0,210.427810873784
0,0,0,0,0,0,97570,0,14400,4180500,0,212.120554860159
0,0,0,0,0,0,97604,0,77700,64760400,0,268.486975164755
0,0,0,0,0,0,97441,0,873314.693283,1639585548.62,0,216.36082604968
0,0,0,0,0,0,97628,0,26580,13912200,0,228.739323109021
0,0,0,0,0,0,97645,0,48360,17819100,0,231.902455110876
0,0,0,0,0,0,97661,0,13320,3095100,0,237.303260348432
0,0,0,0,0,0,97738,0,12180,3133800,0,240.558200097782
0,0,0,0,0,0,97765,0,27240,10534500,0,490.0286880252
0,0,0,0,0,0,98120,0,9360,2455200,0,494.256623545001
0,0,0,0,0,0,98379,0,24180,9521100,0,486.657856192725
0,0,0,0,0,0,99202,0,9780,2220300,0,371.772534503789
0,0,0,0,0,0,99529,0,238620,168299100,0,446.203521761648
0,0,0,0,0,0,99530,0,41040,22136400,0,474.802937435511
0,0,0,0,0,0,99532,56.80590927,8100,140400,0,473.546709696452
0,0,0,0,0,0,99538,0,37260,15132600,0,480.785227505477
0,0,0,0,0,0,99606,0,67320,38680200,0,489.941591634807
0,0,0,0,0,0,99617,0,11280,3407400,0,473.705462480435
0,0,0,0,0,0,99622,0,5880,1126800,0,479.088031951612
0,0,0,0,0,0,99694,133.38460968,80160,65592000,0,464.674232217848
0,0,0,0,0,0,99646,0,46860,34546500,0,474.633969174646
0,0,0,0,0,0,99652,0,34020,20279700,0,435.537784507852
0,0,0,0,0,0,99685,0,202020,128301300,0,428.750759136016
0,0,0,0,0,0,99693,0,7800,1413000,0,420.671274173032
0,0,0,0,0,0,99696,0,89880,65408400,0,423.53525537208
0,0,0,0,0,0,99712,0,540060,466980300,0,401.086174448348
0,0,0,0,0,0,99746,0,16440,4629600,0,454.666840750545
0,0,0,0,0,0,99748,0,23520,10527300,0,435.775059604375
0,0,0,0,0,0,99750,0,34620,11287800,0,438.441951965227
0,0,0,0,0,0,99799,0,58020,38030400,0,416.073037542199
0,0,0,0,0,0,99815,0,175260,153741600,0,415.986119414978
0,0,0,0,0,0,99858,0,40080,14886000,0,448.727413735624
0,0,0,0,0,0,99941,0,94140,52280100,0,424.328631658306
0,0,0,0,0,0,99971,0,51420,26937000,0,421.735015341992
0,0,0,0,0,0,100078,0,82500,76045500,0,362.67732977321
0,0,0,0,0,0,100118,0,13800,4091400,0,380.908227526979
0,0,0,0,0,0,100135,0,16620,4907700,0,442.166053026243
0,0,0,0,0,0,100206,0,44340,27126000,0,400.868537638561
0,0,0,0,0,0,100254,0,57180,46429200,0,367.427364214783
0,0,0,0,0,0,100259,0,256440,257132700,0,303.40205539642
0,0,0,0,0,0,100263,0,27600,20177100,0,319.103583030743
0,0,0,0,0,0,100278,0,12480,3517200,0,362.701754723259
0,0,0,0,0,0,100283,0,6120,967500,0,219.024277684411
0,0,0,0,0,0,100287,0,78120,71189100,0,236.466533379385
0,0,0,0,0,0,100322,0,10740,2945700,0,363.366136186683
0,0,0,0,0,0,100331,0,16920,7083000,0,286.701128878951
0,0,0,0,0,0,100339,0,38640,25338600,0,309.088473268034
0,0,0,0,0,0,100342,0,121860,139425300,0,270.393400779363
0,0,0,0,0,0,100403,0,32220,18359100,0,257.795890608754
0,0,0,0,0,0,100414,0,45060,38411100,0,246.589162357245
0,0,0,0,0,0,100421,0,66600,53802000,0,228.146207911415
0,0,0,0,0,0,100433,0,36300,19368000,0,305.104524118926
0,0,0,0,0,0,100469,0,38280,26992800,0,283.423283106612
0,0,0,0,0,0,100474,0,55500,66068100,0,203.454036053578
0,0,0,0,0,0,100494,0,11700,3706200,0,205.38924342003
0,0,0,0,0,0,100509,0,88620,57521700,0,208.173265940117
0,0,0,0,0,0,100521,0,15720,5597100,0,226.068842376155
0,0,0,0,0,0,100523,0,58740,30156300,0,225.626642082866
0,0,0,0,0,0,100527,0,20580,9126000,0,387.064822787977
0,0,0,0,0,0,100538,0,13500,3401100,0,219.671553652891
0,0,0,0,0,0,100837,0,10440,3459600,0,404.258504901295
0,0,0,0,0,0,100930,0,18000,5848200,0,393.316242090039
0,0,0,0,0,0,100974,0,22320,10438200,0,456.367076060057
0,0,0,0,0,0,101214,0,9360,2664000,0,323.993550542882
0,0,0,0,0,0,88945,0,15341.9915585,5374385.6025,0,303.999389673997
0,0,0,0,0,0,88669,0,24157.0820393,8325900,0,307.557399612442
0,0,0,0,0,0,95219,0,13260,4911300,0,221.885812676562
0,0,0,0,0,0,98367,0,5880,982800,0,454.876050005902
0,0,0,0,0,0,95792,0,4458.16653826,504900,0,304.616093491063
0,0,0,0,0,0,87658,0,121214.693283,64154051.3792,0,200.647867111596
0,0,0,0,0,0,87653,0,10800,2672100,0,NA
0,0,0,0,0,0,71437,0,23640,8477100,0,372.070102596476
0,0,0,0,0,0,72255,0,10500,2496600,0,366.508757972855
0,0,0,0,0,0,72631,0,14340,2374200,0,343.661599657407
0,0,0,0,0,0,72851,0,3780,541800,0,338.92096104416
0,0,0,0,0,0,73461,0,17280,4698900,0,384.347477732982
0,0,0,0,0,0,86455,113.57875,198157.082039,148843800,0,343.964324326353
0,0,0,0,0,0,86408,0,30300,14730300,0,313.244624932831
0,0,0,0,0,0,74413,0,23460,10609200,0,449.992997849397
0,0,0,0,0,0,74423,0,6420,739800,0,435.979732429894
0,0,0,0,0,0,74451,60.49150292,24240,393300,0,343.430364613129
0,0,0,0,0,0,74469,0,20820,7716600,0,363.535853520068
0,0,0,0,0,0,74515,0,258540,208583100,0,312.748286913967
0,0,0,0,0,0,74543,0,235620,198793800,0,365.228294626985
0,0,0,0,0,0,74642,169.48683541,22980,365400,0,377.115827363113
0,0,0,0,0,0,86173,123.05100426,51960,15931800,0,370.428079303625
0,0,0,0,0,0,86576,454.2113298,41100,634500,0,350.701794347019
0,0,0,0,0,0,86602,0,54780,33897600,0,360.09037180036
0,0,0,0,0,0,86642,0,160800,124739100,0,364.935645937836
0,0,0,0,0,0,86657,0,71400,34596000,0,340.614577682605
0,0,0,0,0,0,86691,0,16620,3919500,0,357.914716865548
0,0,0,0,0,0,87617,0,28260,16174800,0,367.224704412157
0,0,0,0,0,0,87619,0,91860,48105900,0,368.501561636045
0,0,0,0,0,0,87620,0,204840,214876800,0,345.528054259076
0,0,0,0,0,0,75094,45.95194697,108457.478991,69572746.707,0,345.698992895124
0,0,0,0,0,0,74731,0,25740,10172700,0,498.21152170791
0,0,0,0,0,0,74747,0,53340,21907800,0,513.282565131853
0,0,0,0,0,0,74748,0,215400,205524000,0,347.345825433858
0,0,0,0,0,0,74810,0,23760,15093000,0,479.723911439627
0,0,0,0,0,0,74821,0,31620,20131200,0,429.483866461016
0,0,0,0,0,0,74887,0,117900,122147100,0,372.284386755936
0,0,0,0,0,0,74942,0,30600,15431400,0,453.847531924597
0,0,0,0,0,0,74951,0,25380,12942000,0,361.940083737432
0,0,0,0,0,0,74983,0,16560,6287400,0,438.103800780447
0,0,0,0,0,0,74984,0,125040,111535200,0,367.486248552962
0,0,0,0,0,0,74988,0,18420,7119900,0,437.545861381268
0,0,0,0,0,0,74995,0,13800,3573900,0,365.444512787288
0,0,0,0,0,0,75017,0,47460,29032200,0,338.706204980281
0,0,0,0,0,0,75037,0,10500,1921500,0,368.383906287164
0,0,0,0,0,0,75122,0,18480,5800500,0,389.551599897646
0,0,0,0,0,0,75150,0,12960,4153500,0,403.672991017582
0,0,0,0,0,0,75157,0,70380,48768300,0,415.349904247777
0,0,0,0,0,0,75200,0,40980,26683200,0,417.233329414744
0,0,0,0,0,0,75216,0,16260,7430400,0,410.640406556832
0,0,0,0,0,0,75225,0,18540,7604100,0,488.94430579918
0,0,0,0,0,0,75232,0,21720,8336700,0,450.965960199833
0,0,0,0,0,0,75245,0,31260,15129000,0,433.502979677502
0,0,0,0,0,0,75256,0,12120,3711600,0,373.661763580648
0,0,0,0,0,0,75325,0,13620,4640400,0,398.46164103198
0,0,0,0,0,0,75330,0,14700,3672000,0,359.714487464755
0,0,0,0,0,0,75373,0,23760,11337300,0,453.730816268104
0,0,0,0,0,0,75448,0,43260,25829100,0,407.311366319662
0,0,0,0,0,0,75449,0,9240,2560500,0,413.206826562329
0,0,0,0,0,0,75454,0,90720,69808500,0,345.657211842147
0,0,0,0,0,0,77426,0,93060,52712100,0,NA
0,0,0,0,0,0,77427,0,325080,291659400,0,NA
0,0,0,0,0,0,77431,0,27960,9577800,0,NA
0,0,0,0,0,0,77506,0,16500,7011900,0,NA
0,0,0,0,0,0,78085,0,105300,62920800,0,NA
0,0,0,0,0,0,78335,0,6600,1406700,0,NA
0,0,0,0,0,0,78356,0,26280,8240400,0,NA
0,0,0,0,0,0,78441,0,17220,4851900,0,NA
0,0,0,0,0,0,78583,0,12660,3956400,0,NA
0,0,0,0,0,0,78752,0,6840,1324800,0,NA
0,0,0,0,0,0,78831,0,14100,2482200,0,NA
0,0,0,0,0,0,78833,0,4920,675000,0,NA
0,0,0,0,0,0,78843,0,39060,22973400,0,NA
0,0,0,0,0,0,78892,0,26880,12555000,0,NA
0,0,0,0,0,0,79013,0,21120,7289100,0,NA
0,0,0,0,0,0,79260,0,14100,6168600,0,NA
0,0,0,0,0,0,79485,0,4860,799200,0,NA
0,0,0,0,0,0,79780,0,14040,4680000,0,NA
0,0,0,0,0,0,79802,0,76020,64626300,0,NA
0,0,0,0,0,0,79893,0,14760,3945600,0,424.225235820687
0,0,0,0,0,0,79964,0,126120,75486600,0,474.780617403359
0,0,0,0,0,0,80031,0,242820,238212900,0,477.973676613265
0,0,0,0,0,0,80147,0,41100,16635600,0,473.061237910588
0,0,0,0,0,0,80189,0,69780,60426900,0,480.404469115851
0,0,0,0,0,0,80191,0,12900,4900500,0,482.257561891554
0,0,0,0,0,0,80415,0,60000,30750300,0,488.859831489984
0,0,0,0,0,0,80448,0,12360,3574800,0,488.050036934567
0,0,0,0,0,0,80608,0,84720,79434000,0,486.759998316858
0,0,0,0,0,0,80874,0,39660,22891500,0,481.184964485386
0,0,0,0,0,0,80907,0,10200,4008600,0,425.347598229603
0,0,0,0,0,0,80924,0,11400,2374200,0,434.005334051564
0,0,0,0,0,0,80933,0,11040,2991600,0,384.854353031383
0,0,0,0,0,0,80936,321.75845154,115200,1852200,0,457.66738719588
0,0,0,0,0,0,80947,0,13440,5852700,0,370.966199367757
0,0,0,0,0,0,81022,0,6300,1336500,0,368.337240014895
0,0,0,0,0,0,81154,258.47299547,8700,137700,0,468.714508455563
0,0,0,0,0,0,70674,0,6300,963900,0,479.66166602953
0,0,0,0,0,0,70760,0,25740,8000100,0,474.183618132478
0,0,0,0,0,0,70779,0,7860,1494900,0,461.489375160948
0,0,0,0,0,0,70817,0,99300,91696500,0,480.971046562714
0,0,0,0,0,0,70820,0,13020,3563100,0,495.159304609923
0,0,0,0,0,0,70821,0,14340,4324500,0,443.143925820627
0,0,0,0,0,0,70849,256.56888004,24540,384300,0,438.368519267098
0,0,0,0,0,0,70857,0,85500,79542900,0,467.090496253874
0,0,0,0,0,0,70860,0,24420,9894600,0,469.835967945405
0,0,0,0,0,0,81178,136.66846473,11700,193500,0,461.825638598065
0,0,0,0,0,0,81212,0,62520,51648300,0,461.975855132138
0,0,0,0,0,0,87578,0,129660,89916300,0,471.297045597192
0,0,0,0,0,0,71045,0,48360,33067800,0,477.507091777831
0,0,0,0,0,0,71174,0,70560,87282900,0,448.177752471064
0,0,0,0,0,0,71198,0,4440,593100,0,468.993224217787
0,0,0,0,0,0,71211,0,29880,19323900,0,391.241625184028
0,0,0,0,0,0,81378,0,23280,8569800,0,NA
0,0,0,0,0,0,71310,74.06096678,77880,58598100,0,514.136300401525
0,0,0,0,0,0,71255,0,12360,3348900,0,464.203808803707
0,0,0,0,0,0,71256,0,10200,3006000,0,468.871830228703
0,0,0,0,0,0,71259,0,8940,1666800,0,448.280526657599
0,0,0,0,0,0,71282,0,17820,5345100,0,479.513346283941
0,0,0,0,0,0,71300,0,12960,3305700,0,522.011731113233
0,0,0,0,0,0,71318,0,124980,116862300,0,507.513232230508
0,0,0,0,0,0,71343,157.78818088,12540,201600,0,472.2843642916
0,0,0,0,0,0,71343,104.05352394,9660,150300,0,471.347600148823
0,0,0,0,0,0,71344,0,16500,7009200,0,476.849426876905
0,0,0,0,0,0,71359,0,237600,188395200,0,461.599821533897
0,0,0,0,0,0,81543,0,28800,10471500,0,NA
0,0,0,0,0,0,81552,0,69360,90260100,0,NA
0,0,0,0,0,0,81576,0,280860,312363900,0,NA
0,0,0,0,0,0,81596,0,54600,34161300,0,NA
0,0,0,0,0,0,81602,0,31020,23046300,0,NA
0,0,0,0,0,0,81614,0,39000,14053500,0,NA
0,0,0,0,0,0,81638,0,220200,218729700,0,NA
0,0,0,0,0,0,81652,0,69840,48845700,0,NA
0,0,0,0,0,0,81653,0,129360,86381100,0,NA
0,0,0,0,0,0,81664,0,54360,32370300,0,NA
0,0,0,0,0,0,81669,0,58440,39522600,0,465.842273228306
0,0,0,0,0,0,81672,0,17171.5549442,7500600,0,467.522601950389
0,0,0,0,0,0,81690,0,65940,49599900,0,485.022330094722
0,0,0,0,0,0,81691,0,24180,10590300,0,487.492858004934
0,0,0,0,0,0,81700,0,13560,3042900,0,454.282851139352
0,0,0,0,0,0,81701,0,26880,15283800,0,470.480125895377
0,0,0,0,0,0,81710,0,114360,57600900,0,NA
0,0,0,0,0,0,81856,0,35880,15959700,0,NA
0,0,0,0,0,0,81879,0,11880,3318300,0,NA
0,0,0,0,0,0,81901,0,150060,108099000,0,NA
0,0,0,0,0,0,81902,0,16020,5439600,0,NA
0,0,0,0,0,0,87598,0,334200,492895800,0,445.098220800702
0,0,0,0,0,0,82155,0,66000,17806500,0,NA
0,0,0,0,0,0,82466,0,125820,73513800,0,NA
0,0,0,0,0,0,82631,122.54632376,25560,439200,0,NA
0,0,0,0,0,0,76038,0,65400,31600800,0,364.29133234048
0,0,0,0,0,0,76040,0,80880,49426200,0,386.676674288976
0,0,0,0,0,0,76120,0,56460,40666500,0,466.519281560356
0,0,0,0,0,0,76122,121.62683493,70440,13639500,0,447.448626269997
0,0,0,0,0,0,76123,0,97500,67728600,0,448.696618034238
0,0,0,0,0,0,76147,0,28560,14549400,0,452.830521777643
0,0,0,0,0,0,86735,0,37020,13894200,0,NA
0,0,0,0,0,0,83051,30.87915319,13837.0820393,2523600,0,NA
0,0,0,0,0,0,86844,0,12480,4619700,0,NA
0,0,0,0,0,0,86883,0,43800,32064300,0,345.343171337826
0,0,0,0,0,0,83416,0,46200,25886700,0,409.042740377974
0,0,0,0,0,0,84228,95.63763748,28920,6761700,0,NA
0,0,0,0,0,0,84229,67.76066768,81480,46286100,0,NA
0,0,0,0,0,0,84325,0,18480,7916400,0,NA
0,0,0,0,0,0,84328,0,62760,51027300,0,NA
0,0,0,0,0,0,84363,0,10080,3176100,0,NA
0,0,0,0,0,0,84364,0,154920,277179300,0,NA
0,0,0,0,0,0,87299,0,22560,11653200,0,NA
0,0,0,0,0,0,84540,0,93637.0820393,72560700,0,NA
0,0,0,0,0,0,84468,0,20880,9217800,0,NA
0,0,0,0,0,0,84558,0,30360,15853500,0,NA
0,0,0,0,0,0,84562,0,11100,3051900,0,NA
0,0,0,0,0,0,84681,0,49740,41373000,0,389.449450416722
0,0,0,0,0,0,84687,0,19320,6212700,0,421.545235702512
0,0,0,0,0,0,84694,0,40800,27714600,0,394.788249724948
0,0,0,0,0,0,84713,0,24360,7005600,0,386.699935066247
0,0,0,0,0,0,87383,130.83507988,101677.092749,115330378.546,0,335.324723745982
0,0,0,0,0,0,87307,0,77880,86601600,0,NA
0,0,0,0,0,0,87322,0,85440,67260600,0,NA
0,0,0,0,0,0,87328,0,49200,14785200,0,NA
0,0,0,0,0,0,87330,0,100620,62069400,0,NA
0,0,0,0,0,0,87424,0,8100,1610100,0,357.024666374126
0,0,0,0,0,0,87640,0,266040,272171700,0,NA
0,0,0,0,0,0,87641,0,463260,539288100,0,NA
0,0,0,0,0,0,84735,0,66960,45466200,0,431.078083233597
0,0,0,0,0,0,84740,0,118800,82985400,0,389.563110906265
0,0,0,0,0,0,84762,0,151020,203230800,0,289.772824187849
0,0,0,0,0,0,84807,0,87900,83989800,0,453.633977721653
0,0,0,0,0,0,84808,0,42000,19831500,0,397.802322182028
0,0,0,0,0,0,84812,0,56400,36928800,0,340.721266460356
0,0,0,0,0,0,84820,0,36480,17085600,0,272.226945371504
0,0,0,0,0,0,84892,0,73200,62172000,0,331.89332848324
0,0,0,0,0,0,84898,0,32280,18622800,0,274.830283744041
0,0,0,0,0,0,84927,0,113220,83570400,0,346.117086700204
0,0,0,0,0,0,84961,0,24600,10520100,0,472.172642461351
0,0,0,0,0,0,85009,0,63840,37962000,0,405.031327895071
0,0,0,0,0,0,85046,0,27480,13567500,0,308.823408911659
0,0,0,0,0,0,87530,0,94740,75496500,0,321.439874955876
0,0,0,0,0,0,71401,0,22140,11715300,0,300.55006170848
0,0,0,0,0,0,85154,0,11040,3339900,0,464.404258643736
0,0,0,0,0,0,85230,0,17220,8315100,0,395.24719229693
0,0,0,0,0,0,85256,0,16620,4741200,0,388.70145160788
0,0,0,0,0,0,87540,0,73140,43221600,0,390.297571284243
0,0,0,0,0,0,77018,0,36420,19384200,0,498.594896836359
0,0,0,0,0,0,77038,0,20700,5375700,0,478.40951688298
0,0,0,0,0,0,77043,0,16260,5359500,0,496.448459505455
0,0,0,0,0,0,77067,0,82440,33672600,0,501.867160874811
0,0,0,0,0,0,77068,0,10980,4236300,0,345.99237937757
0,0,0,0,0,0,77079,0,24300,11916900,0,458.632669230331
0,0,0,0,0,0,77094,0,46800,16590600,0,499.72807109378
0,0,0,0,0,0,77117,0,15600,5617800,0,382.139521170107
0,0,0,0,0,0,77130,0,14400,3694500,0,439.575917854263
0,0,0,0,0,0,77131,0,22860,5909400,0,438.840491716361
0,0,0,0,0,0,77134,0,30900,15184800,0,470.970646993419
0,0,0,0,0,0,77138,0,24780,8903700,0,498.928355427611
0,0,0,0,0,0,77152,0,13500,4117500,0,427.09663787008
0,0,0,0,0,0,77161,0,23700,13814100,0,426.72820211847
0,0,0,0,0,0,77166,0,9900,1640700,0,394.146963097536
0,0,0,0,0,0,77180,0,20460,5796900,0,386.759104221287
0,0,0,0,0,0,77181,0,28500,12352500,0,504.563588669296
0,0,0,0,0,0,77203,0,16200,7603200,0,456.515605185971
0,0,0,0,0,0,77262,0,10920,2973600,0,509.060844199709
0,0,0,0,0,0,77291,0,23580,8720100,0,516.891277456937
0,0,0,0,0,0,77299,279.37733693,22680,355500,0,437.526430617707
0,0,0,0,0,0,77300,0,49080,35865000,0,413.094960033849
0,0,0,0,0,0,77356,0,20280,9936000,0,372.344754926705
0,0,0,0,0,0,77357,0,3660,428400,0,379.161407855378
0,0,0,0,0,0,77358,0,9000,1521000,0,384.598343708106
0,0,0,0,0,0,77413,0,14520,5832900,0,385.887771213262
0,0,0,0,0,0,85488,0,77760,33680700,0,NA
0,0,0,0,0,0,85495,100.5705,32100,562500,0,NA
0,0,0,0,0,0,85496,0,32280,13222800,0,NA
0,0,0,0,0,0,71169,0,9900,1743300,0,484.144735829634
0,0,0,0,0,0,86360,0,21997.0927487,9669721.4535,0,336.503640381291
0,0,0,0,0,0,73715,0,22357.478991,7093753.293,0,329.78265347562
0,0,0,0,0,0,0,0,18180,5022900,66803,NA
0,0,0,0,0,0,0,0,8160,2082600,67008,NA
0,0,0,0,0,0,0,13.29360354,15480,3861900,67697,NA
0,0,0,0,0,0,0,0,585660,511252200,67397,NA
0,0,0,0,0,0,43209,0,78480,46279800,0,367.810990194129
0,0,0,0,0,0,43342,0,19740,8453700,0,420.048487886332
0,0,0,0,0,0,43344,0,20820,9234000,0,395.58724734955
0,0,0,0,0,0,44685,0,41400,24915600,0,368.982165093676
0,0,0,0,0,0,44896,127.658071,130440,34893000,0,394.377550921613
0,0,0,0,0,0,45826,0,315840,325312200,0,358.450073150921
0,0,0,0,0,0,46687,0,68798.3924567,83888632.8079,0,291.334390288453
0,0,0,0,0,0,46799,0,240115.490048,364083855.573,0,295.030062881898
0,0,0,0,0,0,47177,192.25025001,232597.082039,319871700,0,287.986844348056
0,0,0,0,0,0,47727,0,170220,135435600,0,338.287549011538
0,0,0,0,0,0,47974,0,63360,54072900,0,290.108280161
0,0,0,0,0,0,47975,0,17100,5764500,0,274.534981692312
0,0,0,0,0,0,47979,0,52380,41130000,0,287.856029194302
0,0,0,0,0,0,47993,0,23580,10902600,0,275.439996430597
0,0,0,0,0,0,47996,0,566848.899071,1513945429.56,0,272.592044467795
0,0,0,0,0,0,50103,0,73581.4773007,38074690.5016,0,266.158288528844
0,0,0,0,0,0,51844,0,326400,380756700,0,NA
0,0,0,0,0,0,52817,0,117480,117744300,0,395.805213874139
0,0,0,0,0,0,48186,0,19380,8561700,0,270.041088459132
0,0,0,0,0,0,47230,0,31493.592261,13483525.7876,0,356.855367991676
0,0,0,0,0,0,47240,0,36593.592261,23470474.2124,0,343.562626556849
0,0,0,0,0,0,47269,0,39000,18405000,0,349.625497009728
0,0,0,0,0,0,45281,0,26040,10424700,0,358.047971411771
0,0,0,0,0,0,47578,0,11880,3705300,0,339.307271620588
0,0,0,0,0,0,47579,0,36780,29430000,0,347.829488880963
0,0,0,0,0,0,47658,0,15120,4813200,0,324.278877452317
0,0,0,0,0,0,47667,0,7860,1701900,0,327.721117428155
0,0,0,0,0,0,51847,0,17280,4560300,0,NA
0,0,0,0,0,0,52149,0,26700,11951100,0,NA
0,0,0,0,0,0,43850,0,81720,59029200,0,335.146805391652
0,0,0,0,0,0,47100,0,23400,3450600,0,258.146391118885
0,0,0,0,0,0,43169,0,18600,7326900,0,347.985100693088
0,0,0,0,0,0,43767,0,127920,105820200,0,325.742164673191
0,0,0,0,0,0,43830,0,23400,11443500,0,330.694540783293
0,0,0,0,0,0,44579,0,6720,1485900,0,337.93846310593
0,0,0,0,0,0,47120,0,22980,8046000,0,272.052197828869
0,0,0,0,0,0,47122,0,68954.1640786,54108000,0,266.406246078197
0,0,0,0,0,0,47159,0,67200,75200400,0,302.868664365094
0,0,0,0,0,0,47173,0,47077.0820393,40913100,0,276.247785155164
0,0,0,0,0,0,48834,0,36780,29527200,0,218.223041373037
0,0,0,0,0,0,49360,0,33420,20430900,0,223.930279799933
0,0,0,0,0,0,50278,0,33420,25853400,0,NA
0,0,0,0,0,0,52769,0,93300,113073300,0,235.349280135442
0,0,0,0,0,0,45015,0,3540,333900,0,398.817907287104
0,0,0,0,0,0,43136,0,356880,427217400,0,353.256895123345
0,0,0,0,0,0,43489,0,107280,133929900,0,387.471558702034
0,0,0,0,0,0,43728,0,13800,4815000,0,416.264790569555
0,0,0,0,0,0,44032,0,89160,85640400,0,382.292428705976
0,0,0,0,0,0,47302,0,93247.8282653,60997407.198,0,340.26134793895
0,0,0,0,0,0,47333,0,45720,24529500,0,402.40369576213
0,0,0,0,0,0,47549,109.26254735,82567.8282653,72917192.802,0,367.31804674913
0,0,0,0,0,0,43605,0,13620,4959900,0,458.888183316871
0,0,0,0,0,0,43983,0,74940,60287400,0,438.943678336221
0,0,0,0,0,0,44159,0,89880,30879900,0,385.325533667954
0,0,0,0,0,0,44226,0,20520,8756100,0,404.114351639389
0,0,0,0,0,0,44230,0,64380,65264400,0,462.1754555743
0,0,0,0,0,0,44236,0,23220,15631200,0,458.276630540424
0,0,0,0,0,0,44245,0,83520,76748400,0,462.956809981811
0,0,0,0,0,0,44353,0,26460,10859400,0,396.801661234204
0,0,0,0,0,0,44604,0,8640,2313000,0,317.316531075207
0,0,0,0,0,0,44708,0,150300,123103800,0,395.711613160425
0,0,0,0,0,0,44729,0,93300,93244500,0,390.858574332507
0,0,0,0,0,0,44739,0,33300,15352200,0,390.980348960724
0,0,0,0,0,0,45003,0,68520,52665300,0,395.234299707627
0,0,0,0,0,0,45012,0,36060,15452100,0,400.109731134396
0,0,0,0,0,0,45237,0,45360,21268800,0,379.735068263762
0,0,0,0,0,0,45238,106.49732081,114720,86953500,0,383.930049071158
0,0,0,0,0,0,47341,0,16500,5442300,0,407.986529282624
0,0,0,0,0,0,47353,0,22680,11590200,0,387.374768295797
0,0,0,0,0,0,47376,0,25560,15302700,0,390.065019827972
0,0,0,0,0,0,44514,0,231991.867732,287030700,0,364.646896536361
0,0,0,0,0,0,44638,144.67064571,93000,37313100,0,347.485372376932
0,0,0,0,0,0,45374,0,60120,51813900,0,355.705352770483
0,0,0,0,0,0,45940,0,206760,210991500,0,342.042015847889
0,0,0,0,0,0,46726,0,29160,21842100,0,286.75149925446
0,0,0,0,0,0,46729,0,204780,279335700,0,309.135873836834
0,0,0,0,0,0,46732,0,16320,4612500,0,287.632726151629
0,0,0,0,0,0,46742,0,102180,135351900,0,306.553570229856
0,0,0,0,0,0,46797,0,153300,192430800,0,290.485286205877
0,0,0,0,0,0,46846,130.02181773,4679.90275811,747898.539,0,282.420254850789
0,0,0,0,0,0,44670,0,30540,19954800,0,409.436050515516
0,0,0,0,0,0,45299,0,20100,7600500,0,355.162762985997
0,0,0,0,0,0,45442,0,47700,36031500,0,362.373840846568
0,0,0,0,0,0,45545,0,31020,13634100,0,357.416727992581
0,0,0,0,0,0,45560,0,11220,2746800,0,353.039981667055
0,0,0,0,0,0,45593,0,17220,6550200,0,348.972728086651
0,0,0,0,0,0,45615,0,140100,51206400,0,357.443861688345
0,0,0,0,0,0,45768,0,56100,22674600,0,413.754202422164
0,0,0,0,0,0,45935,0,21720,7920000,0,360.540015196367
0,0,0,0,0,0,46039,0,35220,23103000,0,354.073280779693
0,0,0,0,0,0,46709,0,13260,4098600,0,282.269266214819
0,0,0,0,0,0,46715,77.61290001,18060,7653600,0,283.889576335056
0,0,0,0,0,0,46722,0,10800,2253600,0,285.834523185754
0,0,0,0,0,0,51781,0,110040,58963500,0,NA
0,0,0,0,0,0,51839,0,28080,17773200,0,NA
0,0,0,0,0,0,47934,0,32940,18829800,0,284.785273703729
0,0,0,0,0,0,47936,0,35880,25798500,0,284.377546109278
0,0,0,0,0,0,47938,0,58800,57867300,0,283.949417604793
0,0,0,0,0,0,48003,0,28200,17964900,0,289.056186674304
0,0,0,0,0,0,50093,0,471276.177644,465743435.272,0,NA
0,0,0,0,0,0,49818,85.82549986,146155.560439,115576162.332,0,NA
0,0,0,0,0,0,51051,56.6835391,13560,2255400,0,263.148016026186
0,0,0,0,0,0,46342,0,16560,4405500,0,295.886570912752
0,0,0,0,0,0,46393,0,31680,16898400,0,299.068804870528
0,0,0,0,0,0,46619,0,13560,4042800,0,275.184346600717
0,0,0,0,0,0,47883,0,15540,6449400,0,296.863389517986
0,0,0,0,0,0,47914,0,84300,91689300,0,299.635854968656
0,0,0,0,0,0,47915,0,283380,530949600,0,310.431972891628
0,0,0,0,0,0,47923,0,111480,150578100,0,293.467359568428
0,0,0,0,0,0,47928,0,56940,40511700,0,282.722996736626
0,0,0,0,0,0,48009,0,57360,57078000,0,297.722381740501
0,0,0,0,0,0,49916,0,27420,12633300,0,NA
0,0,0,0,0,0,49967,0,16500,5208300,0,261.315592397819
0,0,0,0,0,0,50102,0,28260,14343300,0,279.104867854158
0,0,0,0,0,0,50151,121.94863079,38885.5770407,26806798.9378,0,263.469750398914
0,0,0,0,0,0,50960,0,21660,7344900,0,307.588212706794
0,0,0,0,0,0,50967,0,65040,43286400,0,308.641051787977
0,0,0,0,0,0,50971,190.33060156,97321.6306553,100303411.239,0,270.087352261167
0,0,0,0,0,0,51033,0,115440,127417500,0,285.403654675012
0,0,0,0,0,0,51051,0,90600,123071400,0,271.128453324644
0,0,0,0,0,0,51308,0,28020,16540200,0,288.708403636016
0,0,0,0,0,0,51349,0,130740,144475200,0,327.49387262815
0,0,0,0,0,0,52251,0,18194.1759122,5982767.64377,0,NA
0,0,0,0,0,0,52256,0,25380,14209200,0,NA
0,0,0,0,0,0,52303,0,14520,4800600,0,NA
0,0,0,0,0,0,52332,0,95894.1759122,99055332.3562,0,NA
0,0,0,0,0,0,52792,0,90000,117360900,0,297.950005113394
0,0,0,0,0,0,51676,0,10680,2440800,0,NA
0,0,0,0,0,0,51682,0,34260,17597700,0,NA
0,0,0,0,0,0,47855,0,313698.166538,263722500,0,283.453667858179
0,0,0,0,0,0,49476,0,6415.56043916,1039537.66816,0,NA
0,0,0,0,0,0,46690,0,71163.0494134,81675168.6895,0,283.68159553266
0,0,0,0,0,0,50956,0,12361.6306553,4074088.761,0,267.271530926609
0,0,0,0,0,0,46707,0,47040.1362735,42141348.5026,0,284.142561726444
