"My_intwbdy","Distance","Shape_Leng","Shape_Area","My_intwb_1","FID_1","OGF_ID","Area_sqm","Perim_m","FID_2","OGF_ID_1","PDEM_North"
129905,0,18840,7612200,0,0,0,0,0,0,0,NA
130010,0,18120,7441200,0,0,0,0,0,0,0,NA
130187,0,46560,14226300,0,0,0,0,0,0,0,NA
131801,0,23640,5834700,0,0,0,0,0,0,0,NA
131802,0,151140,291808800,0,0,0,0,0,0,0,NA
134145,0,43920,37308600,0,0,0,0,0,0,0,NA
134182,0,12780,4006800,0,0,0,0,0,0,0,NA
134185,0,83040,84670200,0,0,0,0,0,0,0,NA
130342,0,96900,43200900,0,0,0,0,0,0,0,NA
130373,0,60060,24046200,0,0,0,0,0,0,0,NA
130515,0,30780,12109500,0,0,0,0,0,0,0,NA
134212,0,13260,2329200,0,0,0,0,0,0,0,NA
134244,0,50940,32313600,0,0,0,0,0,0,0,NA
136269,0,63180,47745000,0,0,0,0,0,0,0,NA
130745,0,13140,4036500,0,0,0,0,0,0,0,NA
130862,0,89460,55305000,0,0,0,0,0,0,0,NA
130869,0,21720,7213500,0,0,0,0,0,0,0,NA
134342,0,65340,49643100,0,0,0,0,0,0,0,NA
134345,0,21840,8625600,0,0,0,0,0,0,0,NA
134389,0,70560,52560900,0,0,0,0,0,0,0,NA
134430,0,36840,17905500,0,0,0,0,0,0,0,NA
134522,0,63120.0121024,39611700.1815,0,0,0,0,0,0,0,NA
130988,0,43740,23879700,0,0,0,0,0,0,0,NA
131133,0,22020,7715700,0,0,0,0,0,0,0,NA
134595,0,40320,17175600,0,0,0,0,0,0,0,NA
134659,0,45720,18487800,0,0,0,0,0,0,0,NA
134778,0,27000,13489200,0,0,0,0,0,0,0,NA
131237,0,33360,12352500,0,0,0,0,0,0,0,NA
134837,0,11160,2174400,0,0,0,0,0,0,0,NA
134866,0,15660,5497200,0,0,0,0,0,0,0,NA
134884,0,127184.653037,85373844.5115,0,0,0,0,0,0,0,NA
136295,0,202495.352042,286839333.964,0,0,0,0,0,0,0,NA
136303,0,6180,920700,0,0,0,0,0,0,0,NA
131343,53.45539169,939660,71213400,0,0,0,0,0,0,0,NA
131409,0,98160,70654500,0,0,0,0,0,0,0,NA
131410,0,25560,10688400,0,0,0,0,0,0,0,NA
131445,0,29400,11366100,0,0,0,0,0,0,0,NA
131943,0,59485.9096753,19131564.6786,0,0,0,0,0,0,0,NA
131953,0,100525.909675,55301135.3214,0,0,0,0,0,0,0,NA
134998,92.88996541,82380.0121024,75653999.8185,0,0,0,0,0,0,0,NA
134970,0,31860,13941900,0,0,0,0,0,0,0,NA
134971,0,34200,12448800,0,0,0,0,0,0,0,NA
134978,0,25140,10905300,0,0,0,0,0,0,0,NA
134997,0,191340,222009300,0,0,0,0,0,0,0,NA
134999,0,12000,3291300,0,0,0,0,0,0,0,NA
135022,0,9660,2757600,0,0,0,0,0,0,0,NA
135037,0,173760,141083100,0,0,0,0,0,0,0,NA
135056,0,7200,1359900,0,0,0,0,0,0,0,NA
135147,0,5640,873900,0,0,0,0,0,0,0,NA
135150,0,60360,11941200,0,0,0,0,0,0,0,NA
136288,0,16140,3794400,0,0,0,0,0,0,0,NA
136289,0,50940,28034100,0,0,0,0,0,0,0,NA
136291,0,147780,109712700,0,0,0,0,0,0,0,NA
136292,0,221280,232119000,0,0,0,0,0,0,0,NA
135415,0,4080,421200,0,0,0,0,0,0,0,NA
132327,0,14040,1946700,0,0,0,0,0,0,0,NA
132382,0,30780,12740400,0,0,0,0,0,0,0,NA
135457,0,21600,9798300,0,0,0,0,0,0,0,NA
135459,0,11340,2544300,0,0,0,0,0,0,0,NA
132538,0,7980,1648800,0,0,0,0,0,0,0,NA
132548,0,13500,3624300,0,0,0,0,0,0,0,NA
135150,122.55387832,110460,21899700,0,0,0,0,0,0,0,NA
135486,0,18120,8728200,0,0,0,0,0,0,0,NA
135501,0,28560,14082300,0,0,0,0,0,0,0,NA
135502,0,44580,29942100,0,0,0,0,0,0,0,NA
135669,0,20880,6846300,0,0,0,0,0,0,0,NA
135670,0,30600,16284600,0,0,0,0,0,0,0,NA
135718,0,122598.166538,81241200,0,0,0,0,0,0,0,NA
136217,192.15776543,178620,3414600,0,0,0,0,0,0,0,NA
136226,0,81420,57819600,0,0,0,0,0,0,0,NA
136327,0,85440,47939400,0,0,0,0,0,0,0,NA
129315,0,34320,21207600,0,0,0,0,0,0,0,NA
129318,0,36420,22482900,0,0,0,0,0,0,0,NA
129445,0,177060,213074100,0,0,0,0,0,0,0,NA
129479,0,25740,17352900,0,0,0,0,0,0,0,NA
129494,0,116580,105847200,0,0,0,0,0,0,0,NA
129514,0,79920,65457000,0,0,0,0,0,0,0,NA
132728,54.47125803,38460,21647700,0,0,0,0,0,0,0,NA
132636,182.97041609,38317.0820393,23836500,0,0,0,0,0,0,0,NA
132635,0,15540,5174100,0,0,0,0,0,0,0,NA
132647,0,41460,17312400,0,0,0,0,0,0,0,NA
132649,0,81360,65491200,0,0,0,0,0,0,0,NA
132663,0,18600,6606000,0,0,0,0,0,0,0,NA
132664,0,53580,40833000,0,0,0,0,0,0,0,NA
132682,0,19140,6960600,0,0,0,0,0,0,0,NA
132690,0,98160,150873300,0,0,0,0,0,0,0,NA
132695,0,24300,12650400,0,0,0,0,0,0,0,NA
136237,279.04274267,31020,483300,0,0,0,0,0,0,0,NA
131616,0,23220,11650500,0,0,0,0,0,0,0,NA
132823,0,10740,2218500,0,0,0,0,0,0,0,NA
132835,0,5340,507600,0,0,0,0,0,0,0,NA
129732,49.85894342,18240,6622200,0,0,0,0,0,0,0,NA
131631,0,8700,2043000,0,0,0,0,0,0,0,NA
131632,0,24420,13410000,0,0,0,0,0,0,0,NA
131640,0,21840,8119800,0,0,0,0,0,0,0,NA
131646,0,25140,13098600,0,0,0,0,0,0,0,NA
131652,0,24180,10441800,0,0,0,0,0,0,0,NA
131660,0,11520,3158100,0,0,0,0,0,0,0,NA
131665,0,67800,78658200,0,0,0,0,0,0,0,NA
131669,0,13380,5971500,0,0,0,0,0,0,0,NA
131684,0,24180,9599400,0,0,0,0,0,0,0,NA
131694,0,11820,2251800,0,0,0,0,0,0,0,NA
132865,0,39000,12765600,0,0,0,0,0,0,0,NA
132871,0,37200,13962600,0,0,0,0,0,0,0,NA
132873,0,2880,224100,0,0,0,0,0,0,0,NA
132875,0,54180,18705600,0,0,0,0,0,0,0,NA
132889,356.23564109,45240,25336800,0,0,0,0,0,0,0,NA
132882,0,76020,91437300,0,0,0,0,0,0,0,NA
132891,0,46860,45553500,0,0,0,0,0,0,0,NA
132893,0,72180,110998800,0,0,0,0,0,0,0,NA
132900,0,415260,1441883700,0,0,0,0,0,0,0,NA
132903,0,33720,8085600,0,0,0,0,0,0,0,NA
136366,0,24240,14350500,0,0,0,0,0,0,0,NA
136370,0,2700,229500,0,0,0,0,0,0,0,NA
132938,0,14340,4837500,0,0,0,0,0,0,0,NA
132990,23.42968843,33060,12068100,0,0,0,0,0,0,0,NA
132991,297.04377257,32820,19145700,0,0,0,0,0,0,0,NA
132996,0,81300,97398000,0,0,0,0,0,0,0,NA
133007,0,24900,9876600,0,0,0,0,0,0,0,NA
133011,0,105540,80296200,0,0,0,0,0,0,0,NA
133013,0,20940,6031800,0,0,0,0,0,0,0,NA
133017,0,4740,705600,0,0,0,0,0,0,0,NA
133018,0,19140,8106300,0,0,0,0,0,0,0,NA
133027,0,5100,466200,0,0,0,0,0,0,0,NA
133034,0,84600,69509700,0,0,0,0,0,0,0,NA
133037,0,52740,36893700,0,0,0,0,0,0,0,NA
133039,0,31440,16417800,0,0,0,0,0,0,0,NA
133040,0,113940,120532500,0,0,0,0,0,0,0,NA
133044,0,175080,312401700,0,0,0,0,0,0,0,NA
133045,0,19260,9394200,0,0,0,0,0,0,0,NA
133461,0,13860,3787200,0,0,0,0,0,0,0,NA
133493,0,27540,9887400,0,0,0,0,0,0,0,NA
133522,0,33420,16038000,0,0,0,0,0,0,0,NA
133539,0,139980,83414700,0,0,0,0,0,0,0,NA
133557,0,143280,114944400,0,0,0,0,0,0,0,NA
133559,0,101400,136205100,0,0,0,0,0,0,0,NA
133561,0,150780,123228900,0,0,0,0,0,0,0,NA
133568,0,34860,19032300,0,0,0,0,0,0,0,NA
133578,0,53580,29218500,0,0,0,0,0,0,0,NA
133615,0,48840,30672000,0,0,0,0,0,0,0,NA
133632,0,24540,10268100,0,0,0,0,0,0,0,NA
133735,58.37793112,30420,513900,0,0,0,0,0,0,0,NA
133077,148.07800158,147359.912627,170262898.687,0,0,0,0,0,0,0,NA
133081,79.79799333,211943.109888,320785200,0,0,0,0,0,0,0,NA
133054,0,15540,5564700,0,0,0,0,0,0,0,NA
133055,0,60900,54973800,0,0,0,0,0,0,0,NA
133076,0,73140,52254000,0,0,0,0,0,0,0,NA
133078,0,44487.9031979,42414300,0,0,0,0,0,0,0,NA
133080,0,19860,7207200,0,0,0,0,0,0,0,NA
133083,0,83580,86661000,0,0,0,0,0,0,0,NA
133085,0,5580,325800,0,0,0,0,0,0,0,NA
133086,0,106200,112104900,0,0,0,0,0,0,0,NA
133087,0,21240,8715600,0,0,0,0,0,0,0,NA
133089,0,210087.903198,135158400,0,0,0,0,0,0,0,NA
133090,0,22740,7965000,0,0,0,0,0,0,0,NA
133091,0,90120,89991900,0,0,0,0,0,0,0,NA
133092,0,12600,2088000,0,0,0,0,0,0,0,NA
133612,226.52775994,112620,40003200,0,0,0,0,0,0,0,NA
133669,0,15960,3007800,0,0,0,0,0,0,0,NA
133700,203.30276351,24660,409500,0,0,0,0,0,0,0,NA
133702,68.82077821,22200,370800,0,0,0,0,0,0,0,NA
133735,29.32614604,2940,47700,0,0,0,0,0,0,0,NA
133750,0,23640,6039900,0,0,0,0,0,0,0,NA
133751,0,21660,7866900,0,0,0,0,0,0,0,NA
133796,0,62160,25123500,0,0,0,0,0,0,0,NA
133799,0,15480,3405600,0,0,0,0,0,0,0,NA
133909,0,38400,18779400,0,0,0,0,0,0,0,NA
133949,0,42660,20016000,0,0,0,0,0,0,0,NA
133953,0,14100,5540400,0,0,0,0,0,0,0,NA
133977,0,9900,1843200,0,0,0,0,0,0,0,NA
133988,0,23100,11463300,0,0,0,0,0,0,0,NA
133989,0,25020,7916400,0,0,0,0,0,0,0,NA
134092,0,28140,4186800,0,0,0,0,0,0,0,NA
133113,45.1923485,156275.340277,209380562.689,0,0,0,0,0,0,0,NA
133093,0,18780,7548300,0,0,0,0,0,0,0,NA
133094,0,21840,8162100,0,0,0,0,0,0,0,NA
133095,0,14640,2088900,0,0,0,0,0,0,0,NA
133098,42.84204432,21960,7809300,0,0,0,0,0,0,0,NA
133100,0,49200,25518600,0,0,0,0,0,0,0,NA
133103,0,269580,420848100,0,0,0,0,0,0,0,NA
133114,0,13440,4572900,0,0,0,0,0,0,0,NA
134130,0,14520,2870100,0,0,0,0,0,0,0,NA
134131,0,56400,38050200,0,0,0,0,0,0,0,NA
134132,0,33000,21495600,0,0,0,0,0,0,0,NA
134134,0,43200,18336600,0,0,0,0,0,0,0,NA
134135,0,5040,573300,0,0,0,0,0,0,0,NA
136346,0,56820,38209500,0,0,0,0,0,0,0,NA
132727,0,13800,3508200,0,0,0,0,0,0,0,NA
134892,0,7810.69900563,942121.524886,0,0,0,0,0,0,0,NA
133082,0,5975.34027724,1084437.31107,0,0,0,0,0,0,0,NA
126155,0,21960,7429500,0,0,0,0,0,0,0,NA
126219,0,2580,229500,0,0,0,0,0,0,0,NA
126231,0,2820,195300,0,0,0,0,0,0,0,NA
126232,0,23040,7243200,0,0,0,0,0,0,0,NA
126307,0,8280,1927800,0,0,0,0,0,0,0,NA
129016,0,2280,209700,0,0,0,0,0,0,0,NA
129036,97.01649696,1492680,765505800,0,0,0,0,0,0,0,NA
129091,0,15540,3911400,0,0,0,0,0,0,0,NA
129298,22.43218174,328380,100216800,0,0,0,0,0,0,0,NA
129300,0,29640,12813300,0,0,0,0,0,0,0,NA
129301,0,15960,4368600,0,0,0,0,0,0,0,NA
125250,0,5280,854100,0,0,0,0,0,0,0,NA
125301,0,62460,24561900,0,0,0,0,0,0,0,NA
125366,0,12060,3070800,0,0,0,0,0,0,0,NA
125368,0,68700,34886700,0,0,0,0,0,0,0,NA
126367,133.01411324,182040,167616900,0,0,0,0,0,0,0,NA
126190,28.60677247,14820,1773000,0,0,0,0,0,0,0,NA
126485,105.87526041,55782.4264069,51888150,0,0,0,0,0,0,0,NA
126402,0,82680,69215400,0,0,0,0,0,0,0,NA
126416,0,60660,32115600,0,0,0,0,0,0,0,NA
126418,0,16320,5845500,0,0,0,0,0,0,0,NA
126432,0,20040,6029100,0,0,0,0,0,0,0,NA
126453,0,135900,112655700,0,0,0,0,0,0,0,NA
126471,0,55980,41316300,0,0,0,0,0,0,0,NA
126474,0,40380,28130400,0,0,0,0,0,0,0,NA
126475,0,60180,32936400,0,0,0,0,0,0,0,NA
126477,0,198960,148385700,0,0,0,0,0,0,0,NA
126481,0,23400,8461800,0,0,0,0,0,0,0,NA
126487,0,141236.590486,109426050,0,0,0,0,0,0,0,NA
127036,0,13200,3997800,0,0,0,0,0,0,0,NA
127053,0,96060,77431500,0,0,0,0,0,0,0,NA
129063,119.60827869,484860,216793800,0,0,0,0,0,0,0,NA
129147,0,144000,113973300,0,0,0,0,0,0,0,NA
125374,0,16800,5110200,0,0,0,0,0,0,0,NA
125394,0,10800,3443400,0,0,0,0,0,0,0,NA
125430,0,18660,7577100,0,0,0,0,0,0,0,NA
125439,0,5220,966600,0,0,0,0,0,0,0,NA
125484,0,83460,60418800,0,0,0,0,0,0,0,NA
125505,0,14700,3600000,0,0,0,0,0,0,0,NA
125577,0,47640,31556700,0,0,0,0,0,0,0,NA
125588,0,15720,5612400,0,0,0,0,0,0,0,NA
125611,0,7440,1370700,0,0,0,0,0,0,0,NA
125621,0,29280,15265800,0,0,0,0,0,0,0,NA
125665,0,35160,19130400,0,0,0,0,0,0,0,NA
127090,0,151980,148032000,0,0,0,0,0,0,0,NA
127102,0,128940,143682300,0,0,0,0,0,0,0,NA
127139,0,49920,32227200,0,0,0,0,0,0,0,NA
129258,0,24300,12693600,0,0,0,0,0,0,0,NA
125773,0,46260,24776100,0,0,0,0,0,0,0,NA
129261,202.45646525,51822.4264069,32233950,0,0,0,0,0,0,0,NA
125809,0,65220,40658400,0,0,0,0,0,0,0,NA
125824,0,115740,80503200,0,0,0,0,0,0,0,NA
125833,154.54790611,12000,203400,0,0,0,0,0,0,0,NA
125838,0,10740,2656800,0,0,0,0,0,0,0,NA
125848,0,48840,29480400,0,0,0,0,0,0,0,NA
125849,0,137160,115688700,0,0,0,0,0,0,0,NA
125850,0,38460,29883600,0,0,0,0,0,0,0,NA
125851,0,92460,67970700,0,0,0,0,0,0,0,NA
125852,0,101820,116369100,0,0,0,0,0,0,0,NA
127216,0,8040,1949400,0,0,0,0,0,0,0,NA
127234,0,82500,77097600,0,0,0,0,0,0,0,NA
127365,0,55740,59851800,0,0,0,0,0,0,0,NA
127368,0,7620,849600,0,0,0,0,0,0,0,NA
129260,0,50682.4264069,31861350,0,0,0,0,0,0,0,NA
125863,0,16800,5675400,0,0,0,0,0,0,0,NA
127236,95.15679624,820080,425299500,0,0,0,0,0,0,0,NA
127567,0,27180,13235400,0,0,0,0,0,0,0,NA
127572,0,6840,852300,0,0,0,0,0,0,0,NA
127681,0,68580,34172100,0,0,0,0,0,0,0,NA
127731,0,19500,8523900,0,0,0,0,0,0,0,NA
127797,0,114060,81917100,0,0,0,0,0,0,0,NA
127801,0,23940,6777000,0,0,0,0,0,0,0,NA
127806,0,33600,12969900,0,0,0,0,0,0,0,NA
127809,0,14100,4815900,0,0,0,0,0,0,0,NA
127813,0,7920,1479600,0,0,0,0,0,0,0,NA
127817,0,11160,2856600,0,0,0,0,0,0,0,NA
127821,0,14940,4885200,0,0,0,0,0,0,0,NA
127822,0,255240,318763800,0,0,0,0,0,0,0,NA
127831,0,107100,118008000,0,0,0,0,0,0,0,NA
127834,0,9540,1787400,0,0,0,0,0,0,0,NA
127835,0,101580,113384700,0,0,0,0,0,0,0,NA
127836,0,10500,2707200,0,0,0,0,0,0,0,NA
127839,0,18000,6899400,0,0,0,0,0,0,0,NA
127841,0,44040,37777500,0,0,0,0,0,0,0,NA
127856,0,86820,79494300,0,0,0,0,0,0,0,NA
127862,0,83580,79553700,0,0,0,0,0,0,0,NA
129169,0,6720,841500,0,0,0,0,0,0,0,NA
129171,0,16920,4459500,0,0,0,0,0,0,0,NA
129172,0,15900,6626700,0,0,0,0,0,0,0,NA
129172,133.90113257,569460,193555800,0,0,0,0,0,0,0,NA
129190,0,15420,4312800,0,0,0,0,0,0,0,NA
129231,0,38340,18628200,0,0,0,0,0,0,0,NA
125911,0,76020,7334100,0,0,0,0,0,0,0,NA
125917,0,107520,116065800,0,0,0,0,0,0,0,NA
127361,93.31924832,856500,290922300,0,0,0,0,0,0,0,NA
127368,94.73873455,207060,52706700,0,0,0,0,0,0,0,NA
127500,122.28092039,281220,145631700,0,0,0,0,0,0,0,NA
127921,0,58800,36791100,0,0,0,0,0,0,0,NA
127939,0,34620,19541700,0,0,0,0,0,0,0,NA
127979,697.83033461,278880,45424800,0,0,0,0,0,0,0,NA
127980,50.69899999,83640,11661300,0,0,0,0,0,0,0,NA
129295,151.38075,73938.1665383,57096000,0,0,0,0,0,0,0,NA
129240,0,22560,7957800,0,0,0,0,0,0,0,NA
129266,0,52860,38839500,0,0,0,0,0,0,0,NA
126585,0,11759.9220017,2643298.8285,0,0,0,0,0,0,0,NA
126628,0,14760,4739400,0,0,0,0,0,0,0,NA
126640,0,44220,21182400,0,0,0,0,0,0,0,NA
126660,0,22980,5915700,0,0,0,0,0,0,0,NA
126679,0,48300,18751500,0,0,0,0,0,0,0,NA
126696,10.27821414,6660,1160100,0,0,0,0,0,0,0,NA
126701,79.7355,13380,222300,0,0,0,0,0,0,0,NA
126730,111.35935712,7860,121500,0,0,0,0,0,0,0,NA
126763,0,21720,7898400,0,0,0,0,0,0,0,NA
126780,39.336,25320,8253900,0,0,0,0,0,0,0,NA
126785,0,6900,774900,0,0,0,0,0,0,0,NA
126787,115.9245,48540,851400,0,0,0,0,0,0,0,NA
126800,0,12540,2960100,0,0,0,0,0,0,0,NA
126820,56.92696213,11580,232200,0,0,0,0,0,0,0,NA
126638,0,170220,106146000,0,0,0,0,0,0,0,NA
126905,186.53916085,86880,1593900,0,0,0,0,0,0,0,NA
126936,0,142319.922002,83856601.1715,0,0,0,0,0,0,0,NA
126939,80.29053233,34020,5762700,0,0,0,0,0,0,0,NA
126940,72.08684034,11400,225000,0,0,0,0,0,0,0,NA
126479,0,45677.7697876,35186366.2755,0,0,0,0,0,0,0,NA
126010,0,9360,2643300,0,0,0,0,0,0,0,NA
101805,0,10620,2120400,0,0,0,0,0,0,0,NA
105954,0,28740,15111000,0,0,0,0,0,0,0,NA
106147,0,80880,57016800,0,0,0,0,0,0,0,442.948729065995
106178,0,33420,14811300,0,0,0,0,0,0,0,459.090030267534
106213,123.250875,21720,6661800,0,0,0,0,0,0,0,NA
106374,0,2940,317700,0,0,0,0,0,0,0,NA
106387,302.60663627,45600,736200,0,0,0,0,0,0,0,NA
125157,149.4687794,67892.4828759,55764000,0,0,0,0,0,0,0,336.567328197069
125148,0,8640,1995300,0,0,0,0,0,0,0,443.020476937025
125150,0,39060,13436100,0,0,0,0,0,0,0,377.965753594521
125151,0,6120,1155600,0,0,0,0,0,0,0,386.769217066305
125159,59.97778422,106020,50488200,0,0,0,0,0,0,0,349.457850324757
125160,0,7680,1580400,0,0,0,0,0,0,0,337.041752669697
125163,0,20760,7812900,0,0,0,0,0,0,0,NA
125164,0,18600,7433100,0,0,0,0,0,0,0,NA
125165,0,13020,2578500,0,0,0,0,0,0,0,NA
125167,254.41400902,13440,2140200,0,0,0,0,0,0,0,NA
125168,0,27300,7490700,0,0,0,0,0,0,0,399.419761385466
106511,0,37860,23652000,0,0,0,0,0,0,0,NA
106779,707.46240192,61860,963900,0,0,0,0,0,0,0,NA
106832,0,444360,652663800,0,0,0,0,0,0,0,NA
106878,0,210300,319898700,0,0,0,0,0,0,0,NA
106887,0,129420,109186200,0,0,0,0,0,0,0,NA
106903,0,67920,46819800,0,0,0,0,0,0,0,NA
106908,0,29700,13721400,0,0,0,0,0,0,0,NA
106956,0,13080,2950200,0,0,0,0,0,0,0,NA
106957,0,29760,13323600,0,0,0,0,0,0,0,NA
106973,0,29340,20590200,0,0,0,0,0,0,0,NA
106999,0,12480,4389300,0,0,0,0,0,0,0,NA
107089,119.03881179,50220,805500,0,0,0,0,0,0,0,NA
107162,70.56336029,64680,1071900,0,0,0,0,0,0,0,NA
107255,0,43800,33606000,0,0,0,0,0,0,0,NA
107257,144.70644096,18600,298800,0,0,0,0,0,0,0,NA
107287,0,16560,7508700,0,0,0,0,0,0,0,NA
107320,0,48660,26325900,0,0,0,0,0,0,0,NA
107429,0,54660,33608700,0,0,0,0,0,0,0,NA
107465,0,85560,56478600,0,0,0,0,0,0,0,NA
107468,0,33120,12270600,0,0,0,0,0,0,0,NA
107479,0,5460,636300,0,0,0,0,0,0,0,NA
107652,0,28800,14193900,0,0,0,0,0,0,0,NA
107675,0,68640,24856200,0,0,0,0,0,0,0,435.506432664136
107685,0,30060,13836600,0,0,0,0,0,0,0,455.464680992892
107705,0,159960,181725300,0,0,0,0,0,0,0,NA
107709,0,35340,18076500,0,0,0,0,0,0,0,NA
107713,185.40692896,18240,287100,0,0,0,0,0,0,0,NA
107718,335.86668344,16920,261900,0,0,0,0,0,0,0,NA
107723,0,11640,2218500,0,0,0,0,0,0,0,NA
107724,0,15120,5373900,0,0,0,0,0,0,0,NA
107725,174.3653849,13020,199800,0,0,0,0,0,0,0,NA
107728,0,73020,42438600,0,0,0,0,0,0,0,NA
107735,0,51300,37937700,0,0,0,0,0,0,0,NA
107736,0,162420,180186300,0,0,0,0,0,0,0,NA
107737,184.99841576,23340,368100,0,0,0,0,0,0,0,NA
115822,0,5040,770400,0,0,0,0,0,0,0,343.470178514998
116033,0,48480,34305300,0,0,0,0,0,0,0,355.515574374622
116796,0,6900,520200,0,0,0,0,0,0,0,372.816783918229
116799,0,18900,5591700,0,0,0,0,0,0,0,349.592096338252
117019,0,14760,2268900,0,0,0,0,0,0,0,338.902977113826
122390,0,12300,2672100,0,0,0,0,0,0,0,399.056335552006
117338,0,11160,1230300,0,0,0,0,0,0,0,337.417166988258
122432,0,7680,1264500,0,0,0,0,0,0,0,391.244765616312
122451,0,44340,23765400,0,0,0,0,0,0,0,394.083283312057
122464,0,17160,4181400,0,0,0,0,0,0,0,393.503610913937
107782,0,20520,8928900,0,0,0,0,0,0,0,NA
107791,0,5160,648900,0,0,0,0,0,0,0,NA
118011,156.4118142,50896.1554505,35956663.7217,0,0,0,0,0,0,0,366.87000076729
118004,0,310380,291285900,0,0,0,0,0,0,0,347.903931761917
118005,0,86460,93213900,0,0,0,0,0,0,0,370.962171741874
118006,0,333480,353058300,0,0,0,0,0,0,0,362.162787991495
101342,0,11280,2288700,0,0,0,0,0,0,0,NA
101479,0,9480,2736000,0,0,0,0,0,0,0,NA
107949,0,51120,25088400,0,0,0,0,0,0,0,NA
108019,0,51240,36898200,0,0,0,0,0,0,0,NA
108170,0,13320,4273200,0,0,0,0,0,0,0,NA
101555,0,52680,32413500,0,0,0,0,0,0,0,NA
101578,0,10320,2349900,0,0,0,0,0,0,0,NA
108342,0,8880,2456100,0,0,0,0,0,0,0,NA
108389,0,17760,2954700,0,0,0,0,0,0,0,NA
108403,0,25140,8753400,0,0,0,0,0,0,0,NA
108475,0,28560,6374700,0,0,0,0,0,0,0,NA
108663,0,9660,2103300,0,0,0,0,0,0,0,NA
108864,0,10980,2650500,0,0,0,0,0,0,0,NA
108947,0,8100,2014200,0,0,0,0,0,0,0,NA
109081,0,5160,622800,0,0,0,0,0,0,0,NA
101673,0,138660,120469500,0,0,0,0,0,0,0,NA
101700,0,30300,11311200,0,0,0,0,0,0,0,NA
101783,0,59400,42885900,0,0,0,0,0,0,0,NA
101805,97.3453,8040,944100,0,0,0,0,0,0,0,NA
101817,0,13920,2778300,0,0,0,0,0,0,0,NA
101877,0,49020,24750000,0,0,0,0,0,0,0,NA
101922,0,9660,2296800,0,0,0,0,0,0,0,NA
109268,0,48720,32160600,0,0,0,0,0,0,0,NA
101977,0,36420,21783600,0,0,0,0,0,0,0,NA
102028,0,28380,9580500,0,0,0,0,0,0,0,NA
102042,0,129540,99161100,0,0,0,0,0,0,0,NA
102060,0,83700,44403300,0,0,0,0,0,0,0,NA
102122,0,28200,13305600,0,0,0,0,0,0,0,NA
102124,0,44700,27775800,0,0,0,0,0,0,0,NA
102221,0,34680,15181200,0,0,0,0,0,0,0,NA
102234,0,61800,47473200,0,0,0,0,0,0,0,NA
102266,0,19260,6162300,0,0,0,0,0,0,0,NA
109274,0,59820,41597100,0,0,0,0,0,0,0,NA
109276,0,158220,179460000,0,0,0,0,0,0,0,NA
109290,0,63180,63627300,0,0,0,0,0,0,0,NA
109297,0,52920,32138100,0,0,0,0,0,0,0,NA
109326,0,11460,4727700,0,0,0,0,0,0,0,NA
109395,0,48180,29812500,0,0,0,0,0,0,0,NA
109409,0,72960,73557000,0,0,0,0,0,0,0,NA
102524,129.77915649,236037.712911,408271470.774,0,0,0,0,0,0,0,NA
102311,0,83880,61904700,0,0,0,0,0,0,0,NA
102334,0,139260,131438700,0,0,0,0,0,0,0,NA
102338,0,14040,4363200,0,0,0,0,0,0,0,NA
102368,0,53400,40465800,0,0,0,0,0,0,0,NA
102373,0,25860,10155600,0,0,0,0,0,0,0,NA
102403,0,13560,3186900,0,0,0,0,0,0,0,NA
102430,0,22200,8994600,0,0,0,0,0,0,0,NA
102438,0,67980,58512600,0,0,0,0,0,0,0,NA
102470,0,79500,65766600,0,0,0,0,0,0,0,NA
102495,0,11040,2375100,0,0,0,0,0,0,0,NA
109499,74.41119546,58902.2297134,36234862.6156,0,0,0,0,0,0,0,NA
109428,0,71520,76149900,0,0,0,0,0,0,0,NA
109429,0,51420,42740100,0,0,0,0,0,0,0,NA
109437,0,23820,11416500,0,0,0,0,0,0,0,NA
109464,0,87600,65343600,0,0,0,0,0,0,0,NA
109472,0,182700,199854900,0,0,0,0,0,0,0,NA
109480,0,60060,53784000,0,0,0,0,0,0,0,NA
109483,0,28620,9682200,0,0,0,0,0,0,0,NA
109488,0,23580,8549100,0,0,0,0,0,0,0,NA
109490,0,42000,32287500,0,0,0,0,0,0,0,NA
109509,0,42420,23347800,0,0,0,0,0,0,0,NA
109510,0,63900,48750300,0,0,0,0,0,0,0,NA
109516,0,77100,80171100,0,0,0,0,0,0,0,NA
109522,0,39420,28133100,0,0,0,0,0,0,0,NA
109533,0,127560,80235900,0,0,0,0,0,0,0,NA
109573,0,8100,2042100,0,0,0,0,0,0,0,NA
109599,0,33720,18356400,0,0,0,0,0,0,0,NA
109601,0,190380,170208000,0,0,0,0,0,0,0,NA
109614,0,9120,2523600,0,0,0,0,0,0,0,NA
109621,0,91740,53931600,0,0,0,0,0,0,0,NA
109623,0,35160,24822900,0,0,0,0,0,0,0,NA
109629,0,10980,2396700,0,0,0,0,0,0,0,NA
109673,0,66720,62665200,0,0,0,0,0,0,0,NA
125030,0,108240,104204700,0,0,0,0,0,0,0,NA
109485,0,47820,37152900,0,0,0,0,0,0,0,NA
101562,219.51084246,55740,38363400,0,0,0,0,0,0,0,NA
102546,0,75300,55671300,0,0,0,0,0,0,0,NA
109688,0,61200,51246900,0,0,0,0,0,0,0,NA
109709,0,23460,11489400,0,0,0,0,0,0,0,NA
109719,0,54300,49772700,0,0,0,0,0,0,0,NA
109727,0,28140,15484500,0,0,0,0,0,0,0,NA
109751,0,20760,6618600,0,0,0,0,0,0,0,NA
109752,0,16560,4787100,0,0,0,0,0,0,0,NA
109771,0,17460,4828500,0,0,0,0,0,0,0,NA
109774,0,142200,137550600,0,0,0,0,0,0,0,NA
109784,0,139500,88473600,0,0,0,0,0,0,0,NA
109786,0,43680,17811000,0,0,0,0,0,0,0,NA
109835,0,80940,65952900,0,0,0,0,0,0,0,NA
109851,0,27960,13124700,0,0,0,0,0,0,0,NA
109852,0,58620,35790300,0,0,0,0,0,0,0,NA
109853,0,27300,12587400,0,0,0,0,0,0,0,NA
109860,0,23520,9195300,0,0,0,0,0,0,0,NA
109873,0,38700,18817200,0,0,0,0,0,0,0,NA
109900,0,53940,50553900,0,0,0,0,0,0,0,NA
109901,0,19620,8120700,0,0,0,0,0,0,0,NA
109921,126.33904003,70313.3333486,59766022.176,0,0,0,0,0,0,0,NA
109953,0,52560,34963200,0,0,0,0,0,0,0,NA
109956,0,44400,30277800,0,0,0,0,0,0,0,NA
109991,0,121874.164079,81429300,0,0,0,0,0,0,0,NA
109995,0,125100,83953800,0,0,0,0,0,0,0,NA
110001,0,35820,21445200,0,0,0,0,0,0,0,NA
110003,0,38640,26228700,0,0,0,0,0,0,0,NA
110014,51.5997902,10980,2322900,0,0,0,0,0,0,0,NA
110024,0,49380,22062600,0,0,0,0,0,0,0,NA
110033,0,31680,20867400,0,0,0,0,0,0,0,NA
110034,0,8040,1277100,0,0,0,0,0,0,0,NA
110043,0,30900,10520100,0,0,0,0,0,0,0,NA
110060,0,51000,32195700,0,0,0,0,0,0,0,NA
110077,0,19800,6030000,0,0,0,0,0,0,0,NA
110091,0,28440,12303000,0,0,0,0,0,0,0,NA
110100,0,37020,19613700,0,0,0,0,0,0,0,NA
125037,0,27120,14946300,0,0,0,0,0,0,0,NA
102595,0,280919.690075,212184984.14,0,0,0,0,0,0,0,NA
102682,0,17340,6694200,0,0,0,0,0,0,0,352.941499050026
110137,0,11640,2849400,0,0,0,0,0,0,0,NA
110154,43.24937499,43717.0820393,25865100,0,0,0,0,0,0,0,NA
110283,0,4800,746100,0,0,0,0,0,0,0,418.162173980971
110487,0,10500,2485800,0,0,0,0,0,0,0,417.33857845276
102842,0,3540,420300,0,0,0,0,0,0,0,389.819755537862
110586,0,8032.30676287,1457544.6075,0,0,0,0,0,0,0,403.736255082619
110658,0,25440,9299700,0,0,0,0,0,0,0,410.29370758668
110672,0,36380.5849084,25251956.742,0,0,0,0,0,0,0,412.699385611259
110740,0,10620,2742300,0,0,0,0,0,0,0,440.304873860543
110825,0,73860,42616800,0,0,0,0,0,0,0,NA
110918,0,63900,47642400,0,0,0,0,0,0,0,NA
110966,0,251340,180451800,0,0,0,0,0,0,0,NA
111374,0,12120,1564200,0,0,0,0,0,0,0,NA
103274,0,46380,44835300,0,0,0,0,0,0,0,399.156803705638
103321,0,112620,96223500,0,0,0,0,0,0,0,395.16365934201
103332,0,53520,20215800,0,0,0,0,0,0,0,384.027795087345
103342,0,18840,5125500,0,0,0,0,0,0,0,383.916774390056
103344,0,3000,314100,0,0,0,0,0,0,0,380.409985561426
103347,413.0569179,47100,13241700,0,0,0,0,0,0,0,391.804304301435
103380,0,11340,3742200,0,0,0,0,0,0,0,415.028857122424
111572,0,19313.7158319,7108907.565,0,0,0,0,0,0,0,NA
111609,0,12360,3117600,0,0,0,0,0,0,0,NA
111691,0,553740,589437000,0,0,0,0,0,0,0,420.494567141907
111724,0,11220,2749500,0,0,0,0,0,0,0,421.726473124952
111730,0,14520,6084900,0,0,0,0,0,0,0,420.921289735954
111761,0,81720,59285700,0,0,0,0,0,0,0,412.829930070757
111795,0,17580,7342200,0,0,0,0,0,0,0,421.642711313017
111816,0,79260,71087400,0,0,0,0,0,0,0,407.814628005488
111818,0,123338.565182,118034823.836,0,0,0,0,0,0,0,405.98913832181
125047,0,132960,154717200,0,0,0,0,0,0,0,393.480693780131
103400,0,6240,1204200,0,0,0,0,0,0,0,396.694595086022
103410,0,22320,5765400,0,0,0,0,0,0,0,417.077830909827
103413,0,73980,58067100,0,0,0,0,0,0,0,386.412492160851
103415,0,54300,59345100,0,0,0,0,0,0,0,404.183729260936
103473,0,55500,32504400,0,0,0,0,0,0,0,390.56575477457
103492,0,31080,14184000,0,0,0,0,0,0,0,404.508677524237
103527,0,9240,2216700,0,0,0,0,0,0,0,388.521786019515
103542,0,34560,17214300,0,0,0,0,0,0,0,NA
103558,0,8220,1979100,0,0,0,0,0,0,0,NA
103559,0,13620,3735900,0,0,0,0,0,0,0,NA
111997,69.71820768,383605.292852,421560687.142,0,0,0,0,0,0,0,NA
111821,0,101770.770918,113224568.698,0,0,0,0,0,0,0,442.270180940921
111865,0,35890.770918,16864131.302,0,0,0,0,0,0,0,442.805057468426
111879,0,89580,89415900,0,0,0,0,0,0,0,423.251733571133
111887,0,24480,12257100,0,0,0,0,0,0,0,409.526595938249
111896,0,50760,41328000,0,0,0,0,0,0,0,441.774738051914
111897,0,57900,39973500,0,0,0,0,0,0,0,422.304577484867
111903,0,38040,26883900,0,0,0,0,0,0,0,412.860361977156
111917,0,34560,13986900,0,0,0,0,0,0,0,422.046402928943
111952,0,53880,32443200,0,0,0,0,0,0,0,428.403253015179
111958,0,11460,4146300,0,0,0,0,0,0,0,444.059742640435
111962,0,90420,125248500,0,0,0,0,0,0,0,NA
111991,0,11520,3182400,0,0,0,0,0,0,0,423.402514600106
111992,0,42480,37983600,0,0,0,0,0,0,0,NA
112002,0,8760,1231200,0,0,0,0,0,0,0,NA
112008,0,38160,22795200,0,0,0,0,0,0,0,NA
112034,0,9300,2575800,0,0,0,0,0,0,0,NA
112035,0,13800,2898000,0,0,0,0,0,0,0,NA
112041,0,17520,7462800,0,0,0,0,0,0,0,NA
112067,0,103560,86319000,0,0,0,0,0,0,0,NA
112091,121.11888284,61140,42368400,0,0,0,0,0,0,0,NA
112098,0,20220,6952500,0,0,0,0,0,0,0,NA
112100,0,40800,25055100,0,0,0,0,0,0,0,NA
103590,0,129779.690075,119889815.86,0,0,0,0,0,0,0,NA
112113,0,14700,5281200,0,0,0,0,0,0,0,NA
112126,0,54060,23490000,0,0,0,0,0,0,0,NA
112146,0,56460,28624500,0,0,0,0,0,0,0,NA
112177,0,59820,40961700,0,0,0,0,0,0,0,NA
112197,154.17144565,82073.7158319,38899992.435,0,0,0,0,0,0,0,NA
112198,0,4680,811800,0,0,0,0,0,0,0,NA
112204,0,98373.0030178,96711281.0838,0,0,0,0,0,0,0,NA
112212,0,134092.306763,148119755.393,0,0,0,0,0,0,0,406.671189914696
112213,0,38580,17814600,0,0,0,0,0,0,0,414.626439973635
118129,0,27180,10655100,0,0,0,0,0,0,0,413.235905539417
122723,0,10560,2691000,0,0,0,0,0,0,0,411.687388585323
118554,0,24060,5831100,0,0,0,0,0,0,0,380.593282919494
118594,0,26040,8149500,0,0,0,0,0,0,0,408.748723721517
123556,0,44100,12582000,0,0,0,0,0,0,0,418.517811678338
119813,0,5520,950400,0,0,0,0,0,0,0,357.513298352559
119997,0,56520,51644700,0,0,0,0,0,0,0,395.759222895747
120001,0,212460,233131500,0,0,0,0,0,0,0,404.620290073781
120307,267.77227795,71017.0820393,70252200,0,0,0,0,0,0,0,384.865711341867
120048,0,16800,5907600,0,0,0,0,0,0,0,426.646231861103
120051,0,53220,29300400,0,0,0,0,0,0,0,422.756543172725
120063,0,256380,449780400,0,0,0,0,0,0,0,392.317096815342
120068,0,54840,59898600,0,0,0,0,0,0,0,420.075991425387
120075,0,338940,679981500,0,0,0,0,0,0,0,403.980293417202
120113,0,49740,31066200,0,0,0,0,0,0,0,405.589092413555
120115,0,35340,25622100,0,0,0,0,0,0,0,398.819567680928
120184,0,25020,10077300,0,0,0,0,0,0,0,403.967361500617
120202,0,56880,36128700,0,0,0,0,0,0,0,402.887912714609
120206,0,209220,379082700,0,0,0,0,0,0,0,384.961311320628
120224,0,116700,193605300,0,0,0,0,0,0,0,357.804375102148
120264,0,82560,61867800,0,0,0,0,0,0,0,386.293253344996
120265,215.01835001,115800,43375500,0,0,0,0,0,0,0,364.11769942153
120290,0,21720,11923200,0,0,0,0,0,0,0,353.211816610345
120293,0,28440,14680800,0,0,0,0,0,0,0,379.091289443558
120308,0,213660,208212300,0,0,0,0,0,0,0,376.502474810738
120320,0,29220,15658200,0,0,0,0,0,0,0,404.429028339257
123478,0,239399.866514,288449097.022,0,0,0,0,0,0,0,402.167014688407
123485,0,82260,74622600,0,0,0,0,0,0,0,410.655364597512
123497,0,40740,26768700,0,0,0,0,0,0,0,421.116250816688
123500,0,30900,18898200,0,0,0,0,0,0,0,412.441612469649
123522,0,73140,36423000,0,0,0,0,0,0,0,412.806474465949
123524,0,21600,7717500,0,0,0,0,0,0,0,416.780865990998
123539,0,54600,37788300,0,0,0,0,0,0,0,410.204054430225
123548,0,58440,42865200,0,0,0,0,0,0,0,416.065136261128
123565,0,46440,47859300,0,0,0,0,0,0,0,420.101346988293
123618,0,113460,67484700,0,0,0,0,0,0,0,393.692464724374
123619,0,6720,903600,0,0,0,0,0,0,0,413.752936344223
123623,0,43560,15744600,0,0,0,0,0,0,0,400.783668883531
125146,0,163080,137607300,0,0,0,0,0,0,0,396.941949461964
125147,0,91140,68865300,0,0,0,0,0,0,0,412.004673307415
120525,0,7020,1427400,0,0,0,0,0,0,0,384.03981928206
103631,0,35820,6392700,0,0,0,0,0,0,0,367.719619813276
103763,0,13380,3142800,0,0,0,0,0,0,0,407.008650841991
103846,0,19320,7428600,0,0,0,0,0,0,0,371.575283925875
120914,0,23700,9912600,0,0,0,0,0,0,0,337.650962238024
120924,0,8100,2011500,0,0,0,0,0,0,0,328.537857021528
120966,0,7740,1618200,0,0,0,0,0,0,0,333.543763072658
103968,0,31440,8946900,0,0,0,0,0,0,0,365.264598975751
104112,0,25380,9680400,0,0,0,0,0,0,0,361.473343355144
104148,0,6960,1186200,0,0,0,0,0,0,0,341.169719736565
104264,0,24600,8190000,0,0,0,0,0,0,0,413.050018206586
104299,0,14160,4815900,0,0,0,0,0,0,0,389.355163374608
104306,0,11220,2915100,0,0,0,0,0,0,0,406.583163811124
104347,0,5520,657000,0,0,0,0,0,0,0,416.518417525618
104421,0,19860,7137000,0,0,0,0,0,0,0,349.402300001725
104423,0,11160,4110300,0,0,0,0,0,0,0,422.905999838719
104465,0,24600,11345400,0,0,0,0,0,0,0,341.558558112266
104644,0,6360,1592100,0,0,0,0,0,0,0,357.89788773506
104870,0,20400,6460200,0,0,0,0,0,0,0,379.19626212047
104874,0,40680,20211300,0,0,0,0,0,0,0,362.977283324737
104964,0,9420,2790900,0,0,0,0,0,0,0,NA
105089,0,12720,3745800,0,0,0,0,0,0,0,NA
105119,0,76320,83293200,0,0,0,0,0,0,0,373.82739609918
105124,0,39720,29902500,0,0,0,0,0,0,0,376.698851614125
105137,0,33360,13990500,0,0,0,0,0,0,0,380.594043563592
105158,0,30840,14247000,0,0,0,0,0,0,0,363.835450774511
105160,0,67027.9385713,45869522.475,0,0,0,0,0,0,0,330.910243726897
105161,0,99720,75818700,0,0,0,0,0,0,0,392.107667449438
105178,0,22380,9659700,0,0,0,0,0,0,0,354.017417837343
105217,0,34500,25077600,0,0,0,0,0,0,0,347.670460748359
105226,0,72120,73985400,0,0,0,0,0,0,0,348.732223559007
121064,0,48720,33372900,0,0,0,0,0,0,0,352.26411848623
121074,0,19020,7333200,0,0,0,0,0,0,0,389.359753862923
121089,0,46380,32806800,0,0,0,0,0,0,0,381.197027577506
121102,0,31440,11123100,0,0,0,0,0,0,0,391.81003328878
121184,0,16500,5720400,0,0,0,0,0,0,0,355.339652098073
121186,0,48900,32500800,0,0,0,0,0,0,0,343.928701440478
121196,0,55740,33642000,0,0,0,0,0,0,0,334.865069030634
125073,0,41760,23632200,0,0,0,0,0,0,0,344.582825051047
125069,0,115106.289387,122890500,0,0,0,0,0,0,0,335.567423141956
125075,0,66180,60512400,0,0,0,0,0,0,0,328.261216633804
125076,0,91800,79494300,0,0,0,0,0,0,0,343.166913234015
121174,0,239163.843706,311419350,0,0,0,0,0,0,0,330.263975433281
105566,171.06045,47820.8372238,22113042.4575,0,0,0,0,0,0,0,394.481095341585
105269,0,28440,13342500,0,0,0,0,0,0,0,376.967459078657
105275,0,80040,70734600,0,0,0,0,0,0,0,337.907319331762
105276,0,9960,2436300,0,0,0,0,0,0,0,416.939749169182
105284,0,107100,58886100,0,0,0,0,0,0,0,393.607058837604
105329,0,45000,21274200,0,0,0,0,0,0,0,412.44855706544
105336,0,10860,3628800,0,0,0,0,0,0,0,391.845434809488
105344,0,74760,43786800,0,0,0,0,0,0,0,349.438240134067
105350,0,58140,44068500,0,0,0,0,0,0,0,416.911134071471
105355,0,16920,6005700,0,0,0,0,0,0,0,420.247925467815
105377,0,66180,52618500,0,0,0,0,0,0,0,352.188633854481
105407,0,18300,6156900,0,0,0,0,0,0,0,388.620303656549
105426,0,53460,41726700,0,0,0,0,0,0,0,350.730612998756
105452,0,80340,51006600,0,0,0,0,0,0,0,347.112578751764
105490,0,14820,4524300,0,0,0,0,0,0,0,355.971471206364
105517,0,155118.166538,122268600,0,0,0,0,0,0,0,337.153406513531
105532,0,6300,1160100,0,0,0,0,0,0,0,342.509301824104
105539,0,28620,16882200,0,0,0,0,0,0,0,352.594518036562
105540,0,13920,2862900,0,0,0,0,0,0,0,380.079977381496
105546,0,22380,9097200,0,0,0,0,0,0,0,382.902965930596
105624,0,11100,2745900,0,0,0,0,0,0,0,384.791624686242
105630,0,109920,89874000,0,0,0,0,0,0,0,364.196743784193
105657,0,28500,16575300,0,0,0,0,0,0,0,416.065474944389
105667,0,47340,32372100,0,0,0,0,0,0,0,347.40967697156
105695,0,79200,43623000,0,0,0,0,0,0,0,347.450236318882
105731,0,14220,4122900,0,0,0,0,0,0,0,368.501852818697
105739,0,235560,226144800,0,0,0,0,0,0,0,362.894575060533
105798,0,55680,27119700,0,0,0,0,0,0,0,356.548222038181
105810,0,47640,24755400,0,0,0,0,0,0,0,372.048405011748
105814,0,190260,162945900,0,0,0,0,0,0,0,NA
105879,0,113160,80634600,0,0,0,0,0,0,0,NA
105881,0,52620,35626500,0,0,0,0,0,0,0,NA
105901,0,5202.42640687,660150,0,0,0,0,0,0,0,NA
105903,0,29862.4264069,14989050,0,0,0,0,0,0,0,NA
105907,0,153120,228144600,0,0,0,0,0,0,0,NA
125079,0,153780,204071400,0,0,0,0,0,0,0,369.965953299881
124051,0,13920,4851900,0,0,0,0,0,0,0,389.004295613765
124255,0,49380,22508100,0,0,0,0,0,0,0,410.946112498866
124260,0,36558.0441153,26789400,0,0,0,0,0,0,0,391.123949842012
124419,0,76680,19073700,0,0,0,0,0,0,0,396.066208137017
124804,0,27300,9610200,0,0,0,0,0,0,0,399.02780744971
112385,0,10500,2046600,0,0,0,0,0,0,0,372.160762843901
112429,0,17100,7254000,0,0,0,0,0,0,0,383.030101963545
112607,0,9540,1713600,0,0,0,0,0,0,0,374.877952768021
112640,0,6300,1188900,0,0,0,0,0,0,0,379.634541929535
112659,0,14940,5426100,0,0,0,0,0,0,0,366.774935154322
112701,0,36480,12865500,0,0,0,0,0,0,0,382.727253322326
112757,0,8760,1697400,0,0,0,0,0,0,0,376.299052330495
112972,51.61607968,172692.255358,165196262.69,0,0,0,0,0,0,0,382.934985156547
112717,114.89295966,170700,55540800,0,0,0,0,0,0,0,374.24676532513
112776,0,52740,25934400,0,0,0,0,0,0,0,392.6962348328
112818,0,46980,29208600,0,0,0,0,0,0,0,374.062664538587
112821,0,12840,4166100,0,0,0,0,0,0,0,412.979173958186
112872,0,41520,27989100,0,0,0,0,0,0,0,380.633176660011
112916,0,148980,188527500,0,0,0,0,0,0,0,377.959446999489
112932,0,371880,555987600,0,0,0,0,0,0,0,376.572415558795
112943,0,88500,63414000,0,0,0,0,0,0,0,374.572912478978
112967,0,15360,4886100,0,0,0,0,0,0,0,386.041276005316
112968,0,93480,110564100,0,0,0,0,0,0,0,387.105008060977
112978,0,43320,24310800,0,0,0,0,0,0,0,406.446660577747
124920,80.129325,100592.132034,72908550,0,0,0,0,0,0,0,398.570062171098
124952,104.11335844,85491.4030091,69504710.7895,0,0,0,0,0,0,0,387.890408310142
124855,0,56700,27186300,0,0,0,0,0,0,0,382.437490980205
124864,0,44520,19391400,0,0,0,0,0,0,0,402.320720199885
124868,0,193980,221164200,0,0,0,0,0,0,0,389.103697401904
124871,0,126480,80642700,0,0,0,0,0,0,0,403.386247253199
124877,0,54180,26532900,0,0,0,0,0,0,0,392.439470513634
124894,0,61020,29927700,0,0,0,0,0,0,0,401.73969819144
124937,0,31020,17994600,0,0,0,0,0,0,0,406.98368436007
124976,0,25380,14731200,0,0,0,0,0,0,0,399.651906963433
125096,0,50760,14166000,0,0,0,0,0,0,0,412.915672891658
117115,0,4876.15545052,547336.278323,0,0,0,0,0,0,0,360.30003902429
104616,0,5220.83722384,911657.5425,0,0,0,0,0,0,0,399.685292702437
108803,0,14033.3333486,3598477.82396,0,0,0,0,0,0,0,NA
110019,0,12697.0820393,3492900,0,0,0,0,0,0,0,NA
111972,0,5373.00301776,933318.916187,0,0,0,0,0,0,0,NA
124778,0,22791.4030091,10184889.2105,0,0,0,0,0,0,0,390.907505805757
110604,0,10538.5651816,2399576.1645,0,0,0,0,0,0,0,404.378096778681
125167,0,4260,620100,0,0,0,0,0,0,0,NA
122834,0,6119.86651397,837902.9775,0,0,0,0,0,0,0,401.912576284111
111411,0,10920,1936800,0,0,0,0,0,0,0,NA
102502,0,19815.8794493,6192029.22627,0,0,0,0,0,0,0,NA
105163,0,27029.0268151,10602327.525,0,0,0,0,0,0,0,324.921706069235
0,0,79860,32988600,87663,0,0,0,0,0,0,NA
0,93.50255711,21360,376200,87835,0,0,0,0,0,0,NA
0,147.00862632,97860,1599300,87989,0,0,0,0,0,0,NA
0,115.82624999,58740,1125000,88011,0,0,0,0,0,0,NA
0,0,6720,978300,101217,0,0,0,0,0,0,NA
0,0,32700,14233500,101218,0,0,0,0,0,0,NA
0,0,19200,7400700,101220,0,0,0,0,0,0,NA
0,16.9075,6720,1053000,101222,0,0,0,0,0,0,NA
0,97.35585189,1227600,865899000,101223,0,0,0,0,0,0,NA
0,0,29700,10218600,88702,0,0,0,0,0,0,NA
0,0,52260,33935400,88933,0,0,0,0,0,0,NA
0,0,155640,87077700,88950,0,0,0,0,0,0,NA
0,0,3720,432000,88966,0,0,0,0,0,0,NA
0,0,8640,2370600,88968,0,0,0,0,0,0,NA
0,0,31080,17991000,88991,0,0,0,0,0,0,NA
0,0,115440,81858600,89084,0,0,0,0,0,0,NA
0,0,209737.082039,200862000,88723,0,0,0,0,0,0,NA
0,181.5310206,31080,2265300,88203,0,0,0,0,0,0,NA
0,95.38244959,155381.991559,185015214.397,89366,0,0,0,0,0,0,NA
0,0,15240,6498900,89118,0,0,0,0,0,0,NA
0,0,8640,1599300,89283,0,0,0,0,0,0,NA
0,0,16920,6563700,89286,0,0,0,0,0,0,NA
0,0,6420,1269000,89296,0,0,0,0,0,0,NA
0,0,19200,9603000,89306,0,0,0,0,0,0,NA
0,0,119880,118592100,89362,0,0,0,0,0,0,NA
0,44.04725421,13440,218700,90308,0,0,0,0,0,0,NA
0,22.89222245,151500,2527200,90314,0,0,0,0,0,0,NA
0,0,8460,2415600,90406,0,0,0,0,0,0,NA
0,0,26640,12316500,90498,0,0,0,0,0,0,NA
0,0,25980,12489300,90505,0,0,0,0,0,0,NA
0,0,16440,5810400,90532,0,0,0,0,0,0,NA
0,0,283080,243054000,90548,0,0,0,0,0,0,NA
0,0,96407.0148,71751150,90592,0,0,0,0,0,0,NA
0,0,20040,6115500,90606,0,0,0,0,0,0,NA
0,0,19320,9536400,90656,0,0,0,0,0,0,NA
0,57.6280541,18462.4264069,6251850,90660,0,0,0,0,0,0,NA
0,0,98640,47982600,90674,0,0,0,0,0,0,NA
0,0,21180,5130000,90702,0,0,0,0,0,0,NA
0,0,26100,14575500,90711,0,0,0,0,0,0,NA
0,0,19500,7105500,90717,0,0,0,0,0,0,NA
0,0,6240,1293300,90775,0,0,0,0,0,0,NA
0,39.85407746,14464.5883931,6025500,90817,0,0,0,0,0,0,NA
0,0,35520,16260300,90839,0,0,0,0,0,0,NA
0,0,5640,967500,90995,0,0,0,0,0,0,NA
0,0,9240,1638900,91441,0,0,0,0,0,0,NA
0,0,18660,6708600,91601,0,0,0,0,0,0,NA
0,0,17460,6427800,92664,0,0,0,0,0,0,NA
0,0,6180,803700,92923,0,0,0,0,0,0,NA
0,0,216240,148396500,93551,0,0,0,0,0,0,NA
0,0,14520,4833000,93671,0,0,0,0,0,0,NA
0,0,26760,11853000,93678,0,0,0,0,0,0,NA
0,0,84480,44022600,93684,0,0,0,0,0,0,NA
0,0,34140,14802300,93714,0,0,0,0,0,0,NA
0,0,102000,68064300,93717,0,0,0,0,0,0,NA
0,0,88560,72324900,93722,0,0,0,0,0,0,NA
0,0,59880,23880600,93729,0,0,0,0,0,0,NA
0,0,74760,48629700,93762,0,0,0,0,0,0,NA
0,0,115620,80397000,93786,0,0,0,0,0,0,NA
0,0,10920,3386700,93821,0,0,0,0,0,0,NA
0,0,13800,5428800,93843,0,0,0,0,0,0,NA
0,0,16740,5247900,93844,0,0,0,0,0,0,NA
0,0,17580,6822000,93899,0,0,0,0,0,0,NA
0,0,37560,24023700,93907,0,0,0,0,0,0,NA
0,0,11640,4320900,93970,0,0,0,0,0,0,NA
0,0,16980,6978600,94002,0,0,0,0,0,0,NA
0,0,38640,16845300,94005,0,0,0,0,0,0,NA
0,0,35640,18720000,94063,0,0,0,0,0,0,NA
0,0,29100,11439000,94082,0,0,0,0,0,0,NA
0,0,157500,226721700,94115,0,0,0,0,0,0,NA
0,0,65520,48701700,94121,0,0,0,0,0,0,NA
0,0,6720,1237500,94178,0,0,0,0,0,0,NA
0,0,17760,6335100,94190,0,0,0,0,0,0,NA
0,0,9360,1633500,94237,0,0,0,0,0,0,NA
0,0,362520,314789400,94262,0,0,0,0,0,0,NA
0,0,82500,47370600,94267,0,0,0,0,0,0,NA
0,0,12300,3051000,94281,0,0,0,0,0,0,NA
0,0,14340,3882600,94290,0,0,0,0,0,0,NA
0,0,17580,6327900,94302,0,0,0,0,0,0,NA
0,0,23700,10167300,94369,0,0,0,0,0,0,NA
0,0,26820,13194900,94390,0,0,0,0,0,0,NA
0,0,23400,5654700,94407,0,0,0,0,0,0,NA
0,0,20820,8429400,94487,0,0,0,0,0,0,NA
0,0,72000,44032500,94496,0,0,0,0,0,0,NA
0,0,256620,216414900,94586,0,0,0,0,0,0,NA
0,0,101880,82620900,94614,0,0,0,0,0,0,NA
0,0,17520,5250600,94697,0,0,0,0,0,0,NA
0,0,64020,30783600,94707,0,0,0,0,0,0,NA
0,0,88620,54954000,94719,0,0,0,0,0,0,NA
0,0,23400,9018900,94734,0,0,0,0,0,0,NA
0,0,202560,1.89e+08,94773,0,0,0,0,0,0,NA
0,0,48720,24602400,94780,0,0,0,0,0,0,NA
0,0,6240,1312200,94808,0,0,0,0,0,0,NA
0,0,5100,773100,94852,0,0,0,0,0,0,NA
0,0,20820,8109000,94899,0,0,0,0,0,0,NA
0,0,10380,1955700,94902,0,0,0,0,0,0,NA
0,0,13800,3869100,94950,0,0,0,0,0,0,NA
0,0,34740,8964000,94967,0,0,0,0,0,0,NA
0,0,37380,14631300,94976,0,0,0,0,0,0,NA
0,0,27240,8020800,94982,0,0,0,0,0,0,NA
0,0,149460,247257900,95231,0,0,0,0,0,0,NA
0,0,18540,9378000,95258,0,0,0,0,0,0,NA
0,0,70080,39778200,95271,0,0,0,0,0,0,NA
0,0,18180,5791500,95482,0,0,0,0,0,0,NA
0,0,7980,1651500,95581,0,0,0,0,0,0,NA
0,131.41986454,386220,172209600,96135,0,0,0,0,0,0,NA
0,309.15296172,109860,11350800,97449,0,0,0,0,0,0,NA
0,7.3558519,12420,821700,101223,0,0,0,0,0,0,NA
0,73.51514531,7800,518400,101225,0,0,0,0,0,0,NA
0,0,15840,5394600,95774,0,0,0,0,0,0,NA
0,0,3300,293400,95892,0,0,0,0,0,0,NA
0,0,2880,224100,96271,0,0,0,0,0,0,NA
0,0,111240,71494200,96427,0,0,0,0,0,0,NA
0,0,5340,940500,96441,0,0,0,0,0,0,NA
0,0,28560,16437600,96554,0,0,0,0,0,0,NA
0,0,92580,70576200,96565,0,0,0,0,0,0,NA
0,0,16020,5510700,96590,0,0,0,0,0,0,NA
0,0,64800,37494000,96673,0,0,0,0,0,0,NA
0,134.12402308,82920,42966000,96708,0,0,0,0,0,0,NA
0,0,18420,5757300,96739,0,0,0,0,0,0,NA
0,0,436500,467993700,96744,0,0,0,0,0,0,NA
0,0,12660,4155300,96753,0,0,0,0,0,0,NA
0,0,63420,27948600,96765,0,0,0,0,0,0,NA
0,0,32640,18913500,96840,0,0,0,0,0,0,NA
0,0,16080,5982300,96844,0,0,0,0,0,0,NA
0,0,9360,1874700,96883,0,0,0,0,0,0,NA
0,0,146160,103619700,96897,0,0,0,0,0,0,NA
0,0,11640,2820600,96906,0,0,0,0,0,0,NA
0,0,18900,6762600,96921,0,0,0,0,0,0,NA
0,0,19020,6909300,96971,0,0,0,0,0,0,NA
0,0,44640,28318500,97000,0,0,0,0,0,0,NA
0,0,29520,17761500,97017,0,0,0,0,0,0,NA
0,0,79638.1665383,68197500,97029,0,0,0,0,0,0,NA
0,0,19380,7672500,97066,0,0,0,0,0,0,NA
0,0,48240,28602900,97112,0,0,0,0,0,0,NA
0,0,5280,1127700,97114,0,0,0,0,0,0,NA
0,0,84240,73857600,97147,0,0,0,0,0,0,NA
0,0,139038.166538,92655900,97171,0,0,0,0,0,0,NA
0,0,40620,24286500,97187,0,0,0,0,0,0,NA
0,0,15780,6361200,97242,0,0,0,0,0,0,NA
0,0,61860,51534900,97262,0,0,0,0,0,0,NA
0,0,26400,13474800,97267,0,0,0,0,0,0,NA
0,0,43500,20560500,97311,0,0,0,0,0,0,NA
0,0,31740,14022000,97361,0,0,0,0,0,0,NA
0,0,44700,27044100,97369,0,0,0,0,0,0,NA
0,0,196140,205116300,97404,0,0,0,0,0,0,NA
0,0,126600,150699600,97414,0,0,0,0,0,0,NA
0,0,108840,91466100,97434,0,0,0,0,0,0,NA
0,0,95700,108943200,97452,0,0,0,0,0,0,NA
0,0,117480,102661200,97458,0,0,0,0,0,0,NA
0,0,11940,3141900,97483,0,0,0,0,0,0,NA
0,0,35520,14092200,97504,0,0,0,0,0,0,NA
0,0,109800,113625900,97513,0,0,0,0,0,0,NA
0,0,38220,17082900,97515,0,0,0,0,0,0,NA
0,0,19500,6143400,97521,0,0,0,0,0,0,NA
0,0,90360,51604200,97564,0,0,0,0,0,0,NA
0,0,28380,12000600,97566,0,0,0,0,0,0,NA
0,0,14400,4180500,97570,0,0,0,0,0,0,NA
0,0,77700,64760400,97604,0,0,0,0,0,0,NA
0,0,873314.693283,1639585548.62,97441,0,0,0,0,0,0,NA
0,0,26580,13912200,97628,0,0,0,0,0,0,NA
0,0,48360,17819100,97645,0,0,0,0,0,0,NA
0,0,12180,3133800,97738,0,0,0,0,0,0,NA
0,0,27240,10534500,97765,0,0,0,0,0,0,NA
0,0,9360,2455200,98120,0,0,0,0,0,0,NA
0,0,24180,9521100,98379,0,0,0,0,0,0,NA
0,0,39840,18719100,99107,0,0,0,0,0,0,NA
0,0,20400,5791500,99125,0,0,0,0,0,0,NA
0,0,9780,2220300,99202,0,0,0,0,0,0,NA
0,0,41040,22136400,99530,0,0,0,0,0,0,NA
0,56.80590927,8100,140400,99532,0,0,0,0,0,0,NA
0,0,37260,15132600,99538,0,0,0,0,0,0,NA
0,0,67320,38680200,99606,0,0,0,0,0,0,NA
0,0,11280,3407400,99617,0,0,0,0,0,0,NA
0,0,5880,1126800,99622,0,0,0,0,0,0,NA
0,133.38460968,80160,65592000,99694,0,0,0,0,0,0,NA
0,0,46860,34546500,99646,0,0,0,0,0,0,NA
0,0,16440,4629600,99746,0,0,0,0,0,0,NA
0,0,23520,10527300,99748,0,0,0,0,0,0,NA
0,0,58020,38030400,99799,0,0,0,0,0,0,NA
0,0,175260,153741600,99815,0,0,0,0,0,0,NA
0,0,40080,14886000,99858,0,0,0,0,0,0,NA
0,0,94140,52280100,99941,0,0,0,0,0,0,NA
0,0,51420,26937000,99971,0,0,0,0,0,0,NA
0,0,9780,2942100,100008,0,0,0,0,0,0,NA
0,0,74460,63486900,100028,0,0,0,0,0,0,NA
0,0,45300,31849200,100047,0,0,0,0,0,0,NA
0,0,82500,76045500,100078,0,0,0,0,0,0,NA
0,0,12960,3783600,100105,0,0,0,0,0,0,NA
0,0,12960,4487400,100107,0,0,0,0,0,0,NA
0,0,13800,4091400,100118,0,0,0,0,0,0,NA
0,0,16620,4907700,100135,0,0,0,0,0,0,NA
0,0,17520,7391700,100153,0,0,0,0,0,0,NA
0,0,44340,27126000,100206,0,0,0,0,0,0,NA
0,0,17460,6397200,100225,0,0,0,0,0,0,NA
0,0,57180,46429200,100254,0,0,0,0,0,0,NA
0,0,256440,257132700,100259,0,0,0,0,0,0,NA
0,0,6120,967500,100283,0,0,0,0,0,0,NA
0,0,78120,71189100,100287,0,0,0,0,0,0,NA
0,0,16020,7289100,100321,0,0,0,0,0,0,NA
0,0,10740,2945700,100322,0,0,0,0,0,0,NA
0,0,38640,25338600,100339,0,0,0,0,0,0,NA
0,0,121860,139425300,100342,0,0,0,0,0,0,NA
0,0,32220,18359100,100403,0,0,0,0,0,0,NA
0,0,45060,38411100,100414,0,0,0,0,0,0,NA
0,0,66600,53802000,100421,0,0,0,0,0,0,NA
0,0,36300,19368000,100433,0,0,0,0,0,0,NA
0,0,38280,26992800,100469,0,0,0,0,0,0,NA
0,0,55500,66068100,100474,0,0,0,0,0,0,NA
0,0,38640,15574500,100487,0,0,0,0,0,0,NA
0,0,11700,3706200,100494,0,0,0,0,0,0,NA
0,0,88620,57521700,100509,0,0,0,0,0,0,NA
0,0,15720,5597100,100521,0,0,0,0,0,0,NA
0,0,58740,30156300,100523,0,0,0,0,0,0,NA
0,0,20580,9126000,100527,0,0,0,0,0,0,NA
0,0,13500,3401100,100538,0,0,0,0,0,0,NA
0,0,29220,14493600,100806,0,0,0,0,0,0,NA
0,0,10440,3459600,100837,0,0,0,0,0,0,NA
0,0,18000,5848200,100930,0,0,0,0,0,0,NA
0,0,19140,5676300,100973,0,0,0,0,0,0,NA
0,0,9360,2664000,101214,0,0,0,0,0,0,NA
0,0,15341.9915585,5374385.6025,88945,0,0,0,0,0,0,NA
0,0,24157.0820393,8325900,88669,0,0,0,0,0,0,NA
0,0,5880,982800,98367,0,0,0,0,0,0,NA
0,0,4458.16653826,504900,95792,0,0,0,0,0,0,NA
0,0,121214.693283,64154051.3792,87658,0,0,0,0,0,0,NA
0,0,10800,2672100,87653,0,0,0,0,0,0,323.306243012513
0,0,23640,8477100,71437,0,0,0,0,0,0,NA
0,0,14340,2374200,72631,0,0,0,0,0,0,NA
0,0,3780,541800,72851,0,0,0,0,0,0,NA
0,113.57875,198157.082039,148843800,86455,0,0,0,0,0,0,NA
0,0,30300,14730300,86408,0,0,0,0,0,0,NA
0,0,23460,10609200,74413,0,0,0,0,0,0,NA
0,0,6420,739800,74423,0,0,0,0,0,0,NA
0,0,20820,7716600,74469,0,0,0,0,0,0,NA
0,0,258540,208583100,74515,0,0,0,0,0,0,NA
0,169.48683541,22980,365400,74642,0,0,0,0,0,0,NA
0,454.2113298,41100,634500,86576,0,0,0,0,0,0,NA
0,0,54780,33897600,86602,0,0,0,0,0,0,NA
0,0,71400,34596000,86657,0,0,0,0,0,0,NA
0,0,16620,3919500,86691,0,0,0,0,0,0,NA
0,0,28260,16174800,87617,0,0,0,0,0,0,NA
0,0,91860,48105900,87619,0,0,0,0,0,0,NA
0,0,204840,214876800,87620,0,0,0,0,0,0,NA
0,45.95194697,108457.478991,69572746.707,75094,0,0,0,0,0,0,NA
0,0,25740,10172700,74731,0,0,0,0,0,0,NA
0,0,53340,21907800,74747,0,0,0,0,0,0,NA
0,0,215400,205524000,74748,0,0,0,0,0,0,NA
0,0,23760,15093000,74810,0,0,0,0,0,0,NA
0,0,31620,20131200,74821,0,0,0,0,0,0,NA
0,0,30600,15431400,74942,0,0,0,0,0,0,NA
0,0,13800,3573900,74995,0,0,0,0,0,0,NA
0,0,47460,29032200,75017,0,0,0,0,0,0,NA
0,0,10500,1921500,75037,0,0,0,0,0,0,NA
0,0,18480,5800500,75122,0,0,0,0,0,0,NA
0,0,12960,4153500,75150,0,0,0,0,0,0,NA
0,0,70380,48768300,75157,0,0,0,0,0,0,NA
0,0,40980,26683200,75200,0,0,0,0,0,0,NA
0,0,16260,7430400,75216,0,0,0,0,0,0,NA
0,0,18540,7604100,75225,0,0,0,0,0,0,NA
0,0,21720,8336700,75232,0,0,0,0,0,0,NA
0,0,31260,15129000,75245,0,0,0,0,0,0,NA
0,0,12120,3711600,75256,0,0,0,0,0,0,NA
0,0,13620,4640400,75325,0,0,0,0,0,0,NA
0,0,14700,3672000,75330,0,0,0,0,0,0,NA
0,0,23760,11337300,75373,0,0,0,0,0,0,NA
0,0,10740,3290400,75424,0,0,0,0,0,0,NA
0,0,43260,25829100,75448,0,0,0,0,0,0,NA
0,0,9240,2560500,75449,0,0,0,0,0,0,NA
0,0,105300,62920800,78085,0,0,0,0,0,0,415.364974989553
0,0,36000,10168200,78325,0,0,0,0,0,0,419.738305098442
0,0,6600,1406700,78335,0,0,0,0,0,0,414.886397231792
0,0,14640,5179500,78357,0,0,0,0,0,0,418.142640045723
0,0,17220,4851900,78441,0,0,0,0,0,0,414.603664652224
0,0,12660,3956400,78583,0,0,0,0,0,0,424.186051130078
0,0,6840,1324800,78752,0,0,0,0,0,0,427.559246560802
0,0,14100,2482200,78831,0,0,0,0,0,0,433.770833868147
0,0,4920,675000,78833,0,0,0,0,0,0,427.143856526693
0,0,39060,22973400,78843,0,0,0,0,0,0,415.036014596639
0,0,26880,12555000,78892,0,0,0,0,0,0,339.157236872849
0,0,5340,1170900,78940,0,0,0,0,0,0,447.292720340198
0,0,15060,4991400,78941,0,0,0,0,0,0,451.967328494953
0,0,139260,102895200,78991,0,0,0,0,0,0,438.966976602736
0,0,21120,7289100,79013,0,0,0,0,0,0,433.362047908777
0,74.80211935,35880,7746300,79174,0,0,0,0,0,0,437.068634121845
0,0,14100,6168600,79260,0,0,0,0,0,0,339.126895821056
0,0,15480,4568400,79333,0,0,0,0,0,0,445.498288526602
0,69.56228366,35820,19603800,79350,0,0,0,0,0,0,443.083982986563
0,0,18480,7311600,79406,0,0,0,0,0,0,445.336651270992
0,0,16500,6750000,79425,0,0,0,0,0,0,353.192322208657
0,0,10920,1956600,79481,0,0,0,0,0,0,443.871196448529
0,0,44520,36837000,79738,0,0,0,0,0,0,460.984708397645
0,0,14040,4680000,79780,0,0,0,0,0,0,431.004839594914
0,0,76020,64626300,79802,0,0,0,0,0,0,NA
0,0,14760,3945600,79893,0,0,0,0,0,0,NA
0,0,242820,238212900,80031,0,0,0,0,0,0,NA
0,0,41100,16635600,80147,0,0,0,0,0,0,NA
0,0,69780,60426900,80189,0,0,0,0,0,0,NA
0,0,12900,4900500,80191,0,0,0,0,0,0,NA
0,0,10860,3213000,80302,0,0,0,0,0,0,NA
0,0,31440,13475700,80356,0,0,0,0,0,0,NA
0,0,84720,79434000,80608,0,0,0,0,0,0,NA
0,0,31320,28006200,80812,0,0,0,0,0,0,NA
0,0,59340,70671600,80890,0,0,0,0,0,0,NA
0,0,11400,2374200,80924,0,0,0,0,0,0,NA
0,321.75845154,115200,1852200,80936,0,0,0,0,0,0,NA
0,0,6300,1336500,81022,0,0,0,0,0,0,NA
0,80.74941245,10200,171000,81048,0,0,0,0,0,0,NA
0,258.47299547,8700,137700,81154,0,0,0,0,0,0,NA
0,0,6300,963900,70674,0,0,0,0,0,0,NA
0,0,25740,8000100,70760,0,0,0,0,0,0,NA
0,0,7860,1494900,70779,0,0,0,0,0,0,NA
0,0,7740,1968300,70807,0,0,0,0,0,0,NA
0,0,6900,1630800,70813,0,0,0,0,0,0,NA
0,0,99300,91696500,70817,0,0,0,0,0,0,NA
0,0,14340,4324500,70821,0,0,0,0,0,0,NA
0,256.56888004,24540,384300,70849,0,0,0,0,0,0,NA
0,0,85500,79542900,70857,0,0,0,0,0,0,NA
0,0,24420,9894600,70860,0,0,0,0,0,0,NA
0,136.66846473,11700,193500,81178,0,0,0,0,0,0,NA
0,0,62520,51648300,81212,0,0,0,0,0,0,NA
0,0,129660,89916300,87578,0,0,0,0,0,0,NA
0,0,52920,30218400,87590,0,0,0,0,0,0,NA
0,0,88260,74131200,70997,0,0,0,0,0,0,NA
0,0,28320,11494800,71002,0,0,0,0,0,0,NA
0,58.77981929,7020,113400,71023,0,0,0,0,0,0,NA
0,0,48360,33067800,71045,0,0,0,0,0,0,NA
0,0,45540,35969400,71112,0,0,0,0,0,0,NA
0,137.65405632,27120,431100,71122,0,0,0,0,0,0,NA
0,0,70560,87282900,71174,0,0,0,0,0,0,NA
0,170.7671252,18540,286200,71196,0,0,0,0,0,0,NA
0,0,4440,593100,71198,0,0,0,0,0,0,NA
0,74.06096678,77880,58598100,71310,0,0,0,0,0,0,NA
0,0,12360,3348900,71255,0,0,0,0,0,0,NA
0,0,10200,3006000,71256,0,0,0,0,0,0,NA
0,0,8940,1666800,71259,0,0,0,0,0,0,NA
0,0,15600,5337900,71261,0,0,0,0,0,0,NA
0,0,17820,5345100,71282,0,0,0,0,0,0,NA
0,0,12960,3305700,71300,0,0,0,0,0,0,NA
0,0,124980,116862300,71318,0,0,0,0,0,0,NA
0,157.78818088,12540,201600,71343,0,0,0,0,0,0,NA
0,104.05352394,9660,150300,71343,0,0,0,0,0,0,NA
0,0,16500,7009200,71344,0,0,0,0,0,0,NA
0,326.59321126,41760,663300,71346,0,0,0,0,0,0,NA
0,0,32940,18275400,71356,0,0,0,0,0,0,NA
0,0,237600,188395200,71359,0,0,0,0,0,0,NA
0,0,49920,21472200,81540,0,0,0,0,0,0,417.984806138499
0,0,42720,31581900,81542,0,0,0,0,0,0,379.870914317147
0,0,28800,10471500,81543,0,0,0,0,0,0,350.988893812677
0,0,69360,90260100,81552,0,0,0,0,0,0,417.260232441493
0,0,280860,312363900,81576,0,0,0,0,0,0,427.585006436764
0,0,54600,34161300,81596,0,0,0,0,0,0,337.007501566749
0,0,44400,26529300,81606,0,0,0,0,0,0,441.407826856107
0,0,49800,34110000,81608,0,0,0,0,0,0,330.915715559904
0,0,39000,14053500,81614,0,0,0,0,0,0,403.543270722559
0,0,126660,126927900,81619,0,0,0,0,0,0,315.647250991355
0,0,28740,11972700,81630,0,0,0,0,0,0,327.422502499493
0,0,13320,3826800,81635,0,0,0,0,0,0,320.36323159793
0,0,33840,15468300,81636,0,0,0,0,0,0,310.966769525127
0,0,220200,218729700,81638,0,0,0,0,0,0,339.568376275179
0,0,29040,14679000,81648,0,0,0,0,0,0,441.008960582142
0,0,69840,48845700,81652,0,0,0,0,0,0,450.808582473685
0,0,43920,29608200,81659,0,0,0,0,0,0,451.036410986469
0,0,58020,51591600,81661,0,0,0,0,0,0,452.278599841356
0,0,54360,32370300,81664,0,0,0,0,0,0,457.380436446863
0,0,58440,39522600,81669,0,0,0,0,0,0,NA
0,0,58740,39593700,81670,0,0,0,0,0,0,NA
0,0,17171.5549442,7500600,81672,0,0,0,0,0,0,NA
0,171.53500001,36911.5549442,15107400,81674,0,0,0,0,0,0,NA
0,0,65940,49599900,81690,0,0,0,0,0,0,NA
0,0,24180,10590300,81691,0,0,0,0,0,0,NA
0,0,13560,3042900,81700,0,0,0,0,0,0,NA
0,0,26880,15283800,81701,0,0,0,0,0,0,NA
0,0,185940,187344000,81810,0,0,0,0,0,0,370.580965486187
0,0,9420,1839600,81821,0,0,0,0,0,0,372.894476186973
0,0,30360,12237300,81898,0,0,0,0,0,0,422.588270969142
0,0,23580,13291200,81899,0,0,0,0,0,0,415.60281881041
0,0,77160,39332700,81900,0,0,0,0,0,0,417.074115923297
0,0,150060,108099000,81901,0,0,0,0,0,0,434.991341403131
0,0,16020,5439600,81902,0,0,0,0,0,0,436.93384043039
0,0,334200,492895800,87598,0,0,0,0,0,0,NA
0,122.54632376,25560,439200,82631,0,0,0,0,0,0,409.723742125464
0,0,56460,40666500,76120,0,0,0,0,0,0,NA
0,0,28560,14549400,76147,0,0,0,0,0,0,NA
0,86.67820648,11100,173700,76335,0,0,0,0,0,0,NA
0,0,11220,2724300,76337,0,0,0,0,0,0,NA
0,0,37020,13894200,86735,0,0,0,0,0,0,325.240236124453
0,30.87915319,13837.0820393,2523600,83051,0,0,0,0,0,0,345.549160128823
0,0,12480,4619700,86844,0,0,0,0,0,0,335.665125371419
0,0,43800,32064300,86883,0,0,0,0,0,0,NA
0,0,46200,25886700,83416,0,0,0,0,0,0,NA
0,0,12480,2952000,83688,0,0,0,0,0,0,NA
0,0,38700,23894100,83725,0,0,0,0,0,0,NA
0,0,44160,32886900,83848,0,0,0,0,0,0,NA
0,0,53820,36873000,84311,0,0,0,0,0,0,331.488097441368
0,0,18480,7916400,84325,0,0,0,0,0,0,330.794265073991
0,0,62760,51027300,84328,0,0,0,0,0,0,327.35380744177
0,0,10080,3176100,84363,0,0,0,0,0,0,339.202389067177
0,0,154920,277179300,84364,0,0,0,0,0,0,341.259179019871
0,0,93637.0820393,72560700,84540,0,0,0,0,0,0,NA
0,0,21000,7172100,84443,0,0,0,0,0,0,337.71104810085
0,0,30360,15853500,84558,0,0,0,0,0,0,NA
0,0,11100,3051900,84562,0,0,0,0,0,0,NA
0,0,40800,27714600,84694,0,0,0,0,0,0,NA
0,130.83507988,101677.092749,115330378.546,87383,0,0,0,0,0,0,NA
0,0,77880,86601600,87307,0,0,0,0,0,0,335.188878980712
0,0,85440,67260600,87322,0,0,0,0,0,0,325.554972353052
0,0,49200,14785200,87328,0,0,0,0,0,0,329.533517176663
0,0,100620,62069400,87330,0,0,0,0,0,0,332.658860947709
0,0,266040,272171700,87640,0,0,0,0,0,0,NA
0,0,463260,539288100,87641,0,0,0,0,0,0,NA
0,0,66960,45466200,84735,0,0,0,0,0,0,NA
0,0,118800,82985400,84740,0,0,0,0,0,0,NA
0,0,151020,203230800,84762,0,0,0,0,0,0,NA
0,0,87900,83989800,84807,0,0,0,0,0,0,NA
0,0,42000,19831500,84808,0,0,0,0,0,0,NA
0,0,56400,36928800,84812,0,0,0,0,0,0,NA
0,0,73200,62172000,84892,0,0,0,0,0,0,NA
0,0,32280,18622800,84898,0,0,0,0,0,0,NA
0,0,113220,83570400,84927,0,0,0,0,0,0,NA
0,0,24600,10520100,84961,0,0,0,0,0,0,NA
0,0,36600,19913400,84969,0,0,0,0,0,0,NA
0,0,72000,51518700,84971,0,0,0,0,0,0,NA
0,0,63840,37962000,85009,0,0,0,0,0,0,NA
0,0,19860,12746700,85038,0,0,0,0,0,0,NA
0,0,27480,13567500,85046,0,0,0,0,0,0,NA
0,0,27540,18012600,85082,0,0,0,0,0,0,NA
0,0,11040,3339900,85154,0,0,0,0,0,0,NA
0,0,17220,8315100,85230,0,0,0,0,0,0,NA
0,0,73140,43221600,87540,0,0,0,0,0,0,NA
0,0,36420,19384200,77018,0,0,0,0,0,0,NA
0,0,20700,5375700,77038,0,0,0,0,0,0,NA
0,0,16260,5359500,77043,0,0,0,0,0,0,NA
0,0,82440,33672600,77067,0,0,0,0,0,0,NA
0,0,10980,4236300,77068,0,0,0,0,0,0,NA
0,0,24300,11916900,77079,0,0,0,0,0,0,NA
0,0,46800,16590600,77094,0,0,0,0,0,0,NA
0,0,15780,5340600,77103,0,0,0,0,0,0,NA
0,0,24540,8623800,77109,0,0,0,0,0,0,NA
0,0,15600,5617800,77117,0,0,0,0,0,0,NA
0,0,8460,1689300,77128,0,0,0,0,0,0,NA
0,0,22860,5909400,77131,0,0,0,0,0,0,NA
0,0,30900,15184800,77134,0,0,0,0,0,0,NA
0,0,24780,8903700,77138,0,0,0,0,0,0,NA
0,0,9300,1808100,77142,0,0,0,0,0,0,NA
0,0,13500,4117500,77152,0,0,0,0,0,0,NA
0,0,23700,13814100,77161,0,0,0,0,0,0,NA
0,0,9900,1640700,77166,0,0,0,0,0,0,NA
0,0,20460,5796900,77180,0,0,0,0,0,0,NA
0,0,28500,12352500,77181,0,0,0,0,0,0,NA
0,0,16200,7603200,77203,0,0,0,0,0,0,NA
0,0,10920,2973600,77262,0,0,0,0,0,0,NA
0,0,23580,8720100,77291,0,0,0,0,0,0,NA
0,279.37733693,22680,355500,77299,0,0,0,0,0,0,NA
0,0,49080,35865000,77300,0,0,0,0,0,0,NA
0,0,20280,9936000,77356,0,0,0,0,0,0,NA
0,0,3660,428400,77357,0,0,0,0,0,0,NA
0,0,9000,1521000,77358,0,0,0,0,0,0,NA
0,0,14520,5832900,77413,0,0,0,0,0,0,NA
0,0,77760,33680700,85488,0,0,0,0,0,0,405.426395744183
0,100.5705,32100,562500,85495,0,0,0,0,0,0,410.804094775391
0,0,32280,13222800,85496,0,0,0,0,0,0,419.868629650819
0,11.80275001,8220,1560600,87650,0,0,0,0,0,0,NA
0,0,11100,2567700,87656,0,0,0,0,0,0,NA
0,0,9900,1743300,71169,0,0,0,0,0,0,NA
0,0,21997.0927487,9669721.4535,86360,0,0,0,0,0,0,NA
0,0,22357.478991,7093753.293,73715,0,0,0,0,0,0,NA
53962,0,64620,32783400,0,0,0,0,0,0,0,283.205329902978
54513,0,11520,2789100,0,0,0,0,0,0,0,333.401246348132
57618,0,16260,4110300,0,0,0,0,0,0,0,218.800775884198
57619,0,533160,1039815000,0,0,0,0,0,0,0,209.928489265714
68615,0,21720,8571600,0,0,0,0,0,0,0,347.583491559692
69178,0,264572.132034,218500650,0,0,0,0,0,0,0,290.25499766498
69571,0,422820,487990800,0,0,0,0,0,0,0,325.418666381727
69178,0,97976.9848481,135378450,0,0,0,0,0,0,0,290.054509308988
69647,0,34260,18107100,0,0,0,0,0,0,0,351.297463068983
69031,0,156960,61977600,0,0,0,0,0,0,0,285.147102175592
69063,0,98700,137878200,0,0,0,0,0,0,0,345.616976007835
69137,0,28560,14396400,0,0,0,0,0,0,0,409.611410520172
69663,96.31027434,9240,1511100,0,0,0,0,0,0,0,289.158748824373
53996,0,20220,8457300,0,0,0,0,0,0,0,291.047479609828
54005,0,14520,4321800,0,0,0,0,0,0,0,289.1690398903
54377,0,143520,186617700,0,0,0,0,0,0,0,334.129760829464
54466,8.98212067,53880,40074300,0,0,0,0,0,0,0,292.698159126529
54470,177.59302892,11640,753300,0,0,0,0,0,0,0,273.447093457731
54013,0,9600,1620000,0,0,0,0,0,0,0,298.139676734076
54046,0,69240,69097500,0,0,0,0,0,0,0,301.597748841384
54058,0,163740,24678900,0,0,0,0,0,0,0,325.130560694262
54062,0,62880,49820400,0,0,0,0,0,0,0,300.996518228587
54370,0,12060,4133700,0,0,0,0,0,0,0,303.759322492224
54426,72.87841191,4620,378900,0,0,0,0,0,0,0,289.40352009028
54071,0,18960,7704900,0,0,0,0,0,0,0,283.066750851598
54082,0,54780,29800800,0,0,0,0,0,0,0,297.887380461268
54101,0,10080,2718000,0,0,0,0,0,0,0,293.858049455857
54122,0,31140,5138100,0,0,0,0,0,0,0,282.840156960099
54124,0,38940,14732100,0,0,0,0,0,0,0,284.136652073315
54137,0,50640,36145800,0,0,0,0,0,0,0,286.505535522571
54353,74.004675,4980,601200,0,0,0,0,0,0,0,282.043253047737
54143,0,16380,4491000,0,0,0,0,0,0,0,281.559946271938
54145,0,30360,14184900,0,0,0,0,0,0,0,298.73453224656
54168,0,738360,1098640800,0,0,0,0,0,0,0,285.436387858243
54173,7.68188438,3360,217800,0,0,0,0,0,0,0,284.031002958944
54302,83.45725397,19020,7593300,0,0,0,0,0,0,0,293.359831598961
54324,59.33064481,8520,1013400,0,0,0,0,0,0,0,287.965895928879
68051,0,51060,14440500,0,0,0,0,0,0,0,287.13340291861
53957,0,21000,5177700,0,0,0,0,0,0,0,282.967245907239
53960,0,257040,277986600,0,0,0,0,0,0,0,300.998797087836
54208,41.26168501,6300,826200,0,0,0,0,0,0,0,285.594232164437
54233,0,3300,241200,0,0,0,0,0,0,0,296.354208875058
54306,4.65407593,4140,268200,0,0,0,0,0,0,0,288.564420354446
54313,0,110820,125883900,0,0,0,0,0,0,0,299.421176483895
54339,129.91400929,3420,244800,0,0,0,0,0,0,0,283.053563622867
54492,35.76954732,81480,60909300,0,0,0,0,0,0,0,306.599405448294
69852,0,19140,2730600,0,0,0,0,0,0,0,252.228837045306
70454,0,243180,161253000,0,0,0,0,0,0,0,246.669698047805
70108,0,41580,23539500,0,0,0,0,0,0,0,256.486971090291
63374,0,122940,161751600,0,0,0,0,0,0,0,200.692126698741
59422,0,33720,15599700,0,0,0,0,0,0,0,226.243382481593
54054,0,41100,23737500,0,0,0,0,0,0,0,281.430772359116
54173,0,13620,996300,0,0,0,0,0,0,0,271.427021939795
69663,0,41964.8528137,1564200,0,0,0,0,0,0,0,284.832128319441
0,0,78480,46279800,43209,0,0,0,0,0,0,NA
0,0,19740,8453700,43342,0,0,0,0,0,0,NA
0,0,20820,9234000,43344,0,0,0,0,0,0,NA
0,0,41400,24915600,44685,0,0,0,0,0,0,NA
0,0,68798.3924567,83888632.8079,46687,0,0,0,0,0,0,NA
0,0,240115.490048,364083855.573,46799,0,0,0,0,0,0,NA
0,0,170220,135435600,47727,0,0,0,0,0,0,NA
0,0,63360,54072900,47974,0,0,0,0,0,0,NA
0,0,17100,5764500,47975,0,0,0,0,0,0,NA
0,0,52380,41130000,47979,0,0,0,0,0,0,NA
0,0,23580,10902600,47993,0,0,0,0,0,0,NA
0,0,566848.899071,1513945429.56,47996,0,0,0,0,0,0,NA
0,0,73581.4773007,38074690.5016,50103,0,0,0,0,0,0,NA
0,0,326400,380756700,51844,0,0,0,0,0,0,268.052359456672
0,0,117480,117744300,52817,0,0,0,0,0,0,NA
0,0,32460,19206000,48102,0,0,0,0,0,0,NA
0,0,19380,8561700,48186,0,0,0,0,0,0,NA
0,0,31493.592261,13483525.7876,47230,0,0,0,0,0,0,NA
0,0,36593.592261,23470474.2124,47240,0,0,0,0,0,0,NA
0,0,39000,18405000,47269,0,0,0,0,0,0,NA
0,0,26040,10424700,45281,0,0,0,0,0,0,NA
0,0,11880,3705300,47578,0,0,0,0,0,0,NA
0,0,36780,29430000,47579,0,0,0,0,0,0,NA
0,0,15120,4813200,47658,0,0,0,0,0,0,NA
0,0,7860,1701900,47667,0,0,0,0,0,0,NA
0,0,20520,6192900,47963,0,0,0,0,0,0,NA
0,0,10920,3144600,48006,0,0,0,0,0,0,NA
0,0,17280,4560300,51847,0,0,0,0,0,0,267.075290761992
0,0,81720,59029200,43850,0,0,0,0,0,0,NA
0,0,18600,7326900,43169,0,0,0,0,0,0,NA
0,0,127920,105820200,43767,0,0,0,0,0,0,NA
0,0,23400,11443500,43830,0,0,0,0,0,0,NA
0,0,6720,1485900,44579,0,0,0,0,0,0,NA
0,0,33420,20430900,49360,0,0,0,0,0,0,NA
0,0,33420,25853400,50278,0,0,0,0,0,0,223.529647723567
0,0,3540,333900,45015,0,0,0,0,0,0,NA
0,0,356880,427217400,43136,0,0,0,0,0,0,NA
0,0,107280,133929900,43489,0,0,0,0,0,0,NA
0,0,89160,85640400,44032,0,0,0,0,0,0,NA
0,0,93247.8282653,60997407.198,47302,0,0,0,0,0,0,NA
0,0,45720,24529500,47333,0,0,0,0,0,0,NA
0,109.26254735,82567.8282653,72917192.802,47549,0,0,0,0,0,0,NA
0,0,13620,4959900,43605,0,0,0,0,0,0,NA
0,0,74940,60287400,43983,0,0,0,0,0,0,NA
0,0,20520,8756100,44226,0,0,0,0,0,0,NA
0,0,64380,65264400,44230,0,0,0,0,0,0,NA
0,0,23220,15631200,44236,0,0,0,0,0,0,NA
0,0,83520,76748400,44245,0,0,0,0,0,0,NA
0,0,26460,10859400,44353,0,0,0,0,0,0,NA
0,0,8640,2313000,44604,0,0,0,0,0,0,NA
0,0,150300,123103800,44708,0,0,0,0,0,0,NA
0,0,93300,93244500,44729,0,0,0,0,0,0,NA
0,0,33300,15352200,44739,0,0,0,0,0,0,NA
0,0,68520,52665300,45003,0,0,0,0,0,0,NA
0,0,36060,15452100,45012,0,0,0,0,0,0,NA
0,0,45360,21268800,45237,0,0,0,0,0,0,NA
0,106.49732081,114720,86953500,45238,0,0,0,0,0,0,NA
0,0,16500,5442300,47341,0,0,0,0,0,0,NA
0,0,231991.867732,287030700,44514,0,0,0,0,0,0,NA
0,144.67064571,93000,37313100,44638,0,0,0,0,0,0,NA
0,0,60120,51813900,45374,0,0,0,0,0,0,NA
0,0,206760,210991500,45940,0,0,0,0,0,0,NA
0,0,29160,21842100,46726,0,0,0,0,0,0,NA
0,0,204780,279335700,46729,0,0,0,0,0,0,NA
0,0,16320,4612500,46732,0,0,0,0,0,0,NA
0,0,102180,135351900,46742,0,0,0,0,0,0,NA
0,0,153300,192430800,46797,0,0,0,0,0,0,NA
0,130.02181773,4679.90275811,747898.539,46846,0,0,0,0,0,0,NA
0,0,20100,7600500,45299,0,0,0,0,0,0,NA
0,0,56100,22674600,45768,0,0,0,0,0,0,NA
0,0,18900,5991300,45904,0,0,0,0,0,0,NA
0,0,13260,4098600,46709,0,0,0,0,0,0,NA
0,77.61290001,18060,7653600,46715,0,0,0,0,0,0,NA
0,0,10800,2253600,46722,0,0,0,0,0,0,NA
0,0,110040,58963500,51781,0,0,0,0,0,0,308.905288020632
0,0,28080,17773200,51839,0,0,0,0,0,0,303.077841046514
0,0,22200,8777700,46155,0,0,0,0,0,0,NA
0,0,32940,18829800,47934,0,0,0,0,0,0,NA
0,0,35880,25798500,47936,0,0,0,0,0,0,NA
0,0,58800,57867300,47938,0,0,0,0,0,0,NA
0,0,28200,17964900,48003,0,0,0,0,0,0,NA
0,0,84300,91689300,47914,0,0,0,0,0,0,NA
0,0,283380,530949600,47915,0,0,0,0,0,0,NA
0,0,111480,150578100,47923,0,0,0,0,0,0,NA
0,0,56940,40511700,47928,0,0,0,0,0,0,NA
0,0,57360,57078000,48009,0,0,0,0,0,0,NA
0,0,27420,12633300,49916,0,0,0,0,0,0,278.849943785651
0,0,28260,14343300,50102,0,0,0,0,0,0,NA
0,121.94863079,38885.5770407,26806798.9378,50151,0,0,0,0,0,0,NA
0,0,21660,7344900,50960,0,0,0,0,0,0,NA
0,0,65040,43286400,50967,0,0,0,0,0,0,NA
0,0,90600,123071400,51051,0,0,0,0,0,0,NA
0,0,28020,16540200,51308,0,0,0,0,0,0,NA
0,0,18194.1759122,5982767.64377,52251,0,0,0,0,0,0,302.550472341589
0,0,25380,14209200,52256,0,0,0,0,0,0,304.478903345921
0,0,14520,4800600,52303,0,0,0,0,0,0,313.803891823092
0,0,95894.1759122,99055332.3562,52332,0,0,0,0,0,0,303.722344271247
0,0,10680,2440800,51676,0,0,0,0,0,0,268.284900192666
0,0,313698.166538,263722500,47855,0,0,0,0,0,0,NA
0,0,71163.0494134,81675168.6895,46690,0,0,0,0,0,0,NA
0,0,47040.1362735,42141348.5026,46707,0,0,0,0,0,0,NA
0,0,434520,610569000,9643,0,0,0,0,0,0,200.232263759548
0,0,26520,6390000,10769,0,0,0,0,0,0,223.514722711268
0,0,75420,46706400,11486,0,0,0,0,0,0,229.799615849401
0,0,6000,959400,11818,0,0,0,0,0,0,200.329612202313
0,0,6960,792900,12520,0,0,0,0,0,0,204.90239271322
0,0,6720,802800,12707,0,0,0,0,0,0,209.23759511768
0,0,2280,178200,12983,0,0,0,0,0,0,197.488593130401
0,0,7500,547200,13376,0,0,0,0,0,0,200.388664295799
0,0,96300,80203500,13619,0,0,0,0,0,0,314.324209478121
0,0,61800,31652100,14703,0,0,0,0,0,0,312.421905279819
0,0,173340,219604500,15259,0,0,0,0,0,0,331.991614434793
0,0,50280,28881900,22773,0,0,0,0,0,0,160.848468250946
0,0,115680,70731000,29080,0,0,0,0,0,0,124.885348980411
0,0,112440,67051800,29165,0,0,0,0,0,0,126.932885538565
0,0,17520,5976000,31954,0,0,0,0,0,0,122.33987486621
0,0,158100,97228800,32928,0,0,0,0,0,0,127.510180864154
0,0,103174.86833,66343950,33138,0,0,0,0,0,0,121.031794086385
0,0,5201794.86833,5518224450,42895,0,0,0,0,0,0,87.0872864184717
0,0,65520,42341400,42981,0,0,0,0,0,0,232.64036849984
0,0,30660,6908400,42982,0,0,0,0,0,0,227.315674965179
0,0,23160,11394900,42983,0,0,0,0,0,0,229.781031440534
0,0,81900,44485200,42984,0,0,0,0,0,0,122.186155100803
0,0,46920,20433600,42985,0,0,0,0,0,0,122.02320748639
0,0,97654.8683298,43777350,42987,0,0,0,0,0,0,96.0842003296382
0,0,193080,103190400,42988,0,0,0,0,0,0,104.767537849032
0,0,72660,59278500,393,395,51222104,59278500,72659.9999999,392,51222104,NA
0,0,16680,7260300,7573,12,51211989,7260300,16680,7572,51211989,NA
0,0,13140,5688900,225,650,51473016,5688900,13140,224,51473016,NA
0,0,93720,37771200,272,666,51473154,37771200,93719.9999999,271,51473154,NA
0,80.32254295,160140,65954700,404,665,51473150,65954700,160140,403,51220463,NA
0,0,40080,16477200,7409,684,51473266,16477200,40080,7408,51473266,NA
0,19.724975,8760,1910700,7425,685,51473292,1910700,8760,7424,51473292,NA
0,177.84464133,211260,82634400,7555,524,51472568,82634399.9999,211260,7554,51210599,NA
0,0,85020,50850000,7564,527,51472600,50850000,85020,7563,51472600,NA
0,0,121860,89548200,7572,528,51472639,89548200,121860,7571,51472639,NA
0,0,28620,14645700,7718,617,51472909,14645700,28620,7717,51472909,NA
0,0,17880,5693400,7785,640,51472983,5693400,17880,7784,51472983,NA
0,0,150360,132849900,8007,930,106549146,132849900,150360,8006,106549146,NA
0,0,33960,17364600,8039,523,51472531,17364600,33960,8038,51472531,NA
0,0,39960,23277600,8147,616,51472908,23277600,39960.0000001,8146,51472908,NA
0,0,110580,121731300,7427,1129,106551425,121731300,110580,7426,106551425,NA
0,0,9840,2848500,8324,1103,106551182,2848500,9840,8323,106551182,NA
0,0,27300,20531700,2672,1941,106805224,20531700,27300,2671,106805224,292.426485021765
0,0,16560,4867200,2643,2447,106807516,4867200,16560,2642,106807516,326.850106623046
0,0,96720,74195100,2691,2446,106807515,74195100,96720,2690,106807515,320.375655799387
0,0,15180,3978000,7449,2812,108571992,3978000,15180,7448,108571992,NA
0,0,106500,68676300,8054,2843,108572344,68676300,106500,8053,108572344,NA
0,0,84960,96534000,8392,2811,108571953,96534000,84960,8391,108571953,NA
0,0,44280,36676800,170,3016,108606289,36676800,44280,169,108606289,NA
0,0,21540,9262800,180,3036,108606345,9262800,21540,179,108606345,NA
0,0,9900,1915200,597,3012,108606285,1915200,9900,596,108606285,NA
0,0,296820,310052700,8669,3271,108676942,310052700,296820,8668,108676942,403.334644594418
0,0,22560,9121500,8682,3285,108676969,9121500,22560,8681,108676969,402.065332862316
0,0,6180,1121400,8692,3499,108690472,1121400,6180,8691,108690472,390.656344050963
0,0,12900,3339900,8702,3287,108676983,3339900,12900,8701,108676983,404.024802016492
0,0,16320,6208200,8726,3197,108676492,6208200,16320,8725,108676492,407.635273951937
0,0,25440,9061200,8828,3173,108676419,9061200,25440,8827,108676419,417.406597487549
0,0,14220,5012100,8895,3486,108690396,5012100,14220,8894,108690396,389.042370015831
0,0,114660,90549900,9501,3314,108684979,90549900,114660,9500,108684979,386.145875083549
0,0,27900,12877200,8583,3607,108690617,12877200,27900,8582,108690617,387.653593356095
0,0,192420,127001700,8695,3595,108690603,127001700,192420,8694,108690603,382.892208992777
0,0,23160,8952300,8696,3599,108690608,8952299.99997,23160,8695,108690608,386.985593441995
0,57.7012,150780,32478300,8842,3612,108690622,32478300,150780,8841,108690622,385.961783278437
0,0,160260,105986700,8844,3605,108690615,105986700,160260,8843,108690615,387.481987148975
0,0,90240,54851400,8945,3568,108690572,54851400,90240,8944,108690572,391.795973237763
0,0,61500,37882800,8947,3528,108690530,37882800,61500,8946,108690530,403.771263453169
0,0,42420,18826200,9058,3604,108690614,18826200,42420,9057,108690614,390.581150357292
0,0,37680,29468700,4279,9271,750777824,29468700,37680,4278,750777824,284.682054082588
0,0,114780,133020000,4285,9276,750777833,133020000,114780,4284,750777833,316.102481096444
0,0,19740,8902800,4365,9247,750777759,8902800,19740,4364,750777759,287.927593541251
0,0,150780,148031100,4402,9239,750777734,148031100,150780,4401,750777734,297.536323317706
0,0,67800,50121900,7484,9335,750778026,50121900,67800,7483,750778026,289.116435124515
0,0,52500,33447600,9642,9426,906807515,33447600,52500,9641,906807515,325.355218403872
